,0,1,2,3,4,5,6,7,8,9,10,11,12,13,14,15,16,17,18,19,20,21,22,23,24,25,26,27,28,29,30,31,32,33,34,35,36,37,38,39,40,41,42,43,44,45,46,47,48,49,50,51,52,53,54,55
0,0.058141309553546,0.3100689046480044,0.024939724792311255,-0.2939161830382925,0.3426576393472126,0.15365797899092817,-0.10563921329675732,0.04737227033348665,-0.02548522792099936,0.007435493092452467,-0.0009183542330685869,0.002006047169996202,0.07102468082165062,-0.07232902384151194,-0.06411352064826849,-0.024164347383541843,-0.02548522792099157,-0.02347150187108042,0.00033133845074062384,-0.1381341317405421,-0.028838881791389104,0.017048136282065317,-0.0058581491123211055,0.0005455285792532484,-0.10935369632738176,-0.007139236142942967,-0.0009183542333311939,0.02765945403494912,-0.028838881791337326,-0.02862937663278093,0.027027847536132726,-0.04870399080982822,-0.014388218970891398,-0.08900919803954266,-0.0012654790004976639,-0.052418584690013294,0.07102468082342052,-0.007722472491364327,-0.005858149112324633,-0.004073439222029718,-0.014388218971425414,0.006056819412100902,0.03611088142791634,-0.019524289067258626,-0.01878366679616312,0.02117290255922113,-0.0641135206480874,-0.027465464606033697,-0.10935369641743098,0.10051563834081328,-0.001265479000341488,0.055230876738597674,-0.018783666795909846,-0.15034607141326703,-0.1296918566649183,0.016821369407258112
1,0.024819046930628988,0.09753747890889955,0.005913240109165453,-0.15768732888300033,0.6346300738332783,0.03994446584624724,-0.009272663065965796,-0.0008246328160724751,0.06682203532777205,0.048569868345629354,-0.004278009297080093,0.006803606863298332,-0.013867588819672965,0.039825426766445064,0.07662312107635863,-0.055533236732847796,0.06682203532777277,0.0024529588377536797,-0.10384866723026219,-0.01649821222282838,0.016741865610567487,-0.00273066525502288,0.0025933248983605116,0.0002515600817694743,0.11785649610452394,-0.07392183108124564,-0.0042780092976980435,0.010710937765457854,0.016741865610500083,0.00946075040474959,-0.01009977038870434,-0.0012315324678948394,0.0037742805647553407,0.026584933384756943,0.02362454109523232,-0.017847976175104956,-0.013867588819313234,-0.017105644546441454,0.0025933248983302324,0.001627696574187037,0.003774280565162172,-0.0031242178325678544,0.08025461094132733,-0.025527057837027696,0.01160113566533188,0.01221725131065106,0.07662312107678437,-0.01800759296095678,0.11785649636493478,0.0012429120303351902,0.023624541095103976,0.004347199703293385,0.011601135665465568,0.011050604684629652,0.1324976835717125,-0.009506701735954479
2,-0.04803987311737581,0.5932244055114924,-0.018972866768912362,-0.18533318180147218,0.10893231947082609,0.004573394101862759,0.024657782432428745,-0.012871488828935218,-0.015243086243061027,-0.008914584809670174,0.002745878944333324,0.004834289796987869,-0.004918576394050462,0.009643648467260832,-0.01207790189991546,0.017494787823348984,-0.015243086243143671,-0.0037405282705155135,0.3308764550744815,-0.044511218077941485,-0.008043904191949624,-0.0027757822335943115,-0.0011094326357474604,8.196881243749897e-05,0.009799173799980052,0.04296804656511649,0.002745878945857808,0.004370357228514892,-0.008043904191928528,-0.0026422553607996077,-0.013437408195739306,-0.0034172782225378984,0.020559370750461943,0.025078727454924708,-0.008838063660889071,0.011819255072214579,-0.004918576387819966,0.00882169926310143,-0.001109432635762931,-0.00039717817718910474,0.020559370750718065,0.006133496855086705,0.12853850620383264,-0.030584360121922793,-0.02889340530845803,0.010713921050533724,-0.01207790189820747,-0.004827103105112812,0.009799173819929374,-0.08604411411790058,-0.008838063660950883,0.010644146820171379,-0.028893405308627468,-0.023512753208673017,-0.06061066322039601,0.002087695070046432
3,-0.05971461820228317,0.9578091029000899,0.027977567217146105,-0.3190411451258494,-0.32774614075252756,0.016002409535468973,0.008414009295052994,-0.00014097804208564342,-0.06328582873410682,-0.053426379571383624,0.021080057132893952,0.010765245514234224,0.031043168657665814,0.040204535222909246,-0.053328670097383735,0.051395747430607,-0.0632858287341059,-0.0012168042356613918,0.544886922333062,-0.09173819631295992,0.006020544028277301,0.009557089107012477,-0.0007424764398394974,-0.00012311452533319336,-0.6030582559955034,0.313083821995289,0.021080057135572542,0.018182849629781873,0.0060205440282626406,-0.0022207189173466943,0.013725125071735114,-0.012409043052051013,-0.0006382626447439592,-0.006609743798563156,0.010021277624396805,-0.018116235043018684,0.03104316866972514,-0.007455216096208045,-0.0007424764397801287,-0.0012372264075877686,-0.0006382626460792781,-0.015833056994578563,0.2062793557519927,-0.04807204268902938,0.029666469814302848,-0.017223445052248706,-0.05332867009423376,-0.0004334713102379521,-0.603058255942197,-0.1115947422126601,0.010021277623259496,-0.01735167625181568,0.029666469811932723,0.02825935065463603,0.32561716865061296,-0.089303452750812
4,-0.02649460983355685,-0.5139485726342095,-0.017272506784868094,0.32347275519739527,-0.330532346521515,-0.3284948864488012,0.09098691044992459,-0.03872513819139356,0.023138062480518248,-0.001978824411912781,0.00021973006111334378,-0.005250866827301955,-0.07034140906990952,0.03779704550555003,0.03846525915231594,-0.0035645986153787345,0.02313806248058387,0.015930877721770684,-0.10720888004367654,0.14442630092578998,0.020223673880228485,-0.01614336439598168,0.004105427089386167,-0.00041175216366409745,0.1697474776202624,-0.03685200026781324,0.00021973006005916317,-0.02704720694874742,0.020223673880181616,0.02151658865195757,-0.025682056189074674,0.03522919193656195,0.005959751567592352,0.06197350612212637,-0.0035621215610293078,0.03979701100890939,-0.07034140907366475,0.00028638053049634415,0.004105427089361524,0.0030010711953276656,0.005959751568134716,0.0004702516315856895,-0.11270927318553858,0.06961820941445891,0.04830567127994195,-0.013180814836725395,0.03846525915276717,0.013768972232793159,0.16974747761972342,-0.05969375179453817,-0.003562121560994682,-0.029983846121533205,0.04830567128001851,0.18442813151442336,0.09271274495063925,-0.006390567186417464
5,-0.16612495813714143,1.04684670495454,0.0021135561806936726,-0.41808884639491434,0.043438069115480614,0.017543431353171456,0.03133441398828357,-0.029666248351369922,-0.11752988705931654,-0.0602387411530405,0.04646352788370106,0.014324979793756852,0.03336309920339827,0.022967889376558796,-0.10682546502490052,0.13010934523144577,-0.11752988705928133,-0.022511780540573897,0.3957182314634549,-0.300011474473539,-0.04447195849122659,0.01870430969349779,-0.00825976868032084,0.0004088296279046742,-0.3765968680050056,0.11991146247530583,0.04646352788535486,0.02895920244241994,-0.04447195849116215,-0.034493144062964,0.022191923662318504,-0.04793986144752773,0.051303009070702246,0.039103422927534555,-0.016693725332132092,0.004939983229373977,0.03336309921017538,0.021544380929852103,-0.008259768680312645,-0.0053580080482835335,0.051303009069814214,0.0005893889753484598,0.2770586584114273,-0.0651308864573069,-0.044790014238970034,0.018673019006570753,-0.10682546502379106,-0.012275654456491059,-0.37659686809177995,0.07139367317058656,-0.016693725332407774,0.02361475529798571,-0.04479001423955,-0.04460061013303145,-0.03585062318799487,-0.00047414176935217894
6,0.10526095864280743,0.4150584527756327,-0.0035781696349134607,-0.4808721134017588,0.6086922768645711,0.2986553217290579,-0.12059152430846064,0.06768131241932963,0.027294996730300697,0.05136814451457384,-0.018711568356166164,0.0019726898526924498,0.07761833637395658,-0.0600082873648884,-0.014927490829334703,-0.0020426904243715715,0.027294996730304513,-0.020492915872450026,-0.06932900633161458,-0.10732586168000334,-0.03701918962863462,0.01700318072040932,-0.004276240298872185,0.00021594820178378539,-0.13744353397037865,0.012936843987252982,-0.018711568354992193,0.023530393623731816,-0.03701918962853247,-0.0303779517859239,0.032208488703944264,-0.025796109623390323,-0.024901633810523304,-0.09713281326868348,-0.023320558547534617,-0.024624466794962125,0.07761833637633696,-0.025761086468591793,-0.0042762402988773375,-0.0026471125909286832,-0.024901633811144568,-0.018590496508395393,0.04418278829930223,-0.04372728066612366,-0.035550917729891884,0.014627080316466418,-0.01492749083015899,-0.037574337297678354,-0.1374435342501301,0.10474299348334717,-0.023320558547226665,0.034908203627858556,-0.035550917729509315,-0.19019890655872604,-0.2616566130605329,0.03133298132832139
7,0.4533115743361664,-0.7658854572707251,0.45356754367870655,-0.45879876712737405,-1.7274632057260007,1.6976474129243955,-0.3015624604765421,0.29149160858353207,0.010254077343118867,-0.011029944103707601,-0.13941118077423503,-0.129868933481288,0.020618679679879955,-0.2448886732006363,-0.19738036957666827,-0.18036021046120163,0.010254077343108002,-0.015528371765173991,0.05084208318230324,0.23192665753702757,-0.004440275496395467,-0.0652853999303926,-0.000487020840651894,0.001048594382541317,0.08554238790165909,0.03546911590888751,-0.1394111807751936,-0.05259035763489454,-0.004440275496573028,0.0194716059005931,-0.05501892167560419,-0.023876007047862125,0.45581124811095036,0.48243882323917725,-0.04553835628231201,-0.034442679648343064,0.020618679674762348,-0.1985569925572961,-0.00048702084061261257,0.0007838529617299649,0.4558112481105659,0.1851119364383937,-1.306352809758727,0.08765599148295705,-0.9207337059620077,0.10979381304748277,-0.19738036957767796,0.18245718428708874,0.08554238802900055,-0.14100709957604912,-0.04553835628196124,0.13366490029157355,-0.9207337059628076,-1.2236291209592647,0.4382323369272091,-0.06460043105927477
8,-1.2530509992649275,-4.049766446084077,0.018065541409887177,-1.6590564415765396,-8.166564921984817,8.570891886295465,-1.700100686694419,0.43721462615870316,-0.002952244454546741,-0.11046247665793886,-0.19046854540378086,-0.4632571046797475,-0.3510065214616446,-0.755361948619697,0.12146222424263192,-1.3175560829028246,-0.002952244454571376,-0.00020199345955910795,0.4084568300005044,1.229062039984305,0.05692016923846683,-0.08560732015345762,0.006240811373839208,0.014514819128670942,0.3376544773704086,0.26892161824100635,-0.1904685454066252,-0.30570888932605783,0.056920169237572246,0.06009585320502058,0.30682255470103226,-0.28545505311173347,0.905665278123346,1.470663709626039,0.446258729854587,-0.5828556440001633,-0.35100652147995715,1.8711115425681768,0.0062408113740530366,-0.0010741979843985595,0.9056652781213177,1.2547616749843833,-7.10271917185279,0.5805414688370643,-3.5058734177867272,0.5432981074389661,0.12146222424229963,1.1647586582084009,0.33765447790173847,-0.7854204023152903,0.4462587298556892,0.35942042516774286,-3.505873417790811,-5.8725956949156295,2.02446729198686,-0.3152001206693465
9,1.0778685436853004,-0.4022229284505027,-1.9206682395526815,-0.5449257245718108,1.4174579836542218,-0.057139750569473784,-0.14753808190620726,-0.13170227210524896,2.195736202612514,2.108151702885017,0.03808124204411486,0.06104414102048396,-0.3967001892773613,0.15526768868460628,1.6448386640195727,0.13908663413206956,2.1957362026125566,-0.1788453655989686,-1.207777834293417,1.0747624276415009,-1.0937485585368154,0.18606418746140455,-0.04003155690440638,0.000968964310057739,-0.08155898856560634,0.49253961061271606,0.03808124204923484,0.0703642261204185,-1.0937485585365534,-0.4991116429434211,0.5577023682847347,-0.7360301942135297,0.05309163180820555,0.20127344849843923,-1.4960581435567655,-0.2068747079798537,-0.396700189273307,-0.035493032096761024,-0.04003155690452518,0.013178287488802535,0.05309163180880339,-0.2510662113952532,0.5085282121785589,-0.1300066256635631,-0.3038691840369205,-0.2537742716772257,1.6448386640210721,-0.7011287995230348,-0.08155898886222566,-0.5720857153961737,-1.4960581435552132,2.127699363713723,-0.3038691840367409,0.09713750620600425,-0.8456419569221426,0.056573249819821314
10,0.9986404335633337,-0.23478579573647096,-0.9666789005199901,-0.3629904809990372,0.7995970132816218,-0.045845257198778924,0.24520340505555424,0.008413707377600967,1.3039421819853274,0.7743400556211387,-0.45220975878672115,0.07952563795549446,-0.45967616177757814,0.09581419201926729,1.2226860778678454,-0.7270375806078903,1.3039421819853438,0.11356698324459716,-0.5817075400854085,0.5371452672243708,0.1156994041737511,-0.33321688177482534,0.059386178439905526,-0.002154348235933236,-0.11476550858264682,0.2535026861228495,-0.45220975878375186,-0.09396520918282662,0.11569940417396733,0.2850612844561135,-0.6012232572539771,0.3692740532563215,-0.07474529588144542,0.14130169879254037,-0.4229220069696027,0.06477795445027962,-0.45967616177470144,-0.0812612924674136,0.05938617843984132,0.05619391782921683,-0.07474529588096201,0.11809065621979199,0.36771192243002604,-0.09890281961635423,-0.05864422409698948,-0.0023489348957764873,1.2226860778678255,-0.17494502774626872,-0.11476550875082855,-0.2150336920224965,-0.4229220069689253,0.47030324994854356,-0.05864422409692233,0.1283336417230826,-0.4480815599581574,0.03386668531584757
11,0.7560121746681594,-0.17014265731601463,-0.3143171124957821,-0.19508518936770192,0.4371650277858045,-0.01128392288714227,0.2714910645868315,0.12084728199892879,0.8527656078600764,0.2900420158471801,-0.488523840687286,-0.09808666232659294,-0.41455405512746984,0.17335396844442585,1.057815839672802,-0.3154890226351742,0.8527656078601197,0.22008209724463176,-0.2733089333167361,0.30206810536028317,0.4662430479769957,-0.25268745235522067,0.08078104947150411,-0.005121081862836076,-0.05202649568454957,0.15669816172425033,-0.48852384068534643,-0.25616836731891496,0.46624304797714006,0.4062873524113148,-0.577908680968575,0.5503562870284027,-0.21175274151282966,0.08514512773519252,0.0014634990976947198,-0.14868537764253165,-0.41455405512547494,-0.13281147805020976,0.08078104947146371,0.05740536838773675,-0.21175274151220635,-0.036459920189320025,0.2080682033321697,-0.06427838524650273,-0.030480267238437588,-0.09507732228391925,1.0578158396730566,-0.04947118417295647,-0.05202649577366934,-0.1596938398072088,0.0014634990980500135,-0.13008637390405878,-0.030480267238542868,0.11408573813929627,-0.2558019135593142,0.017571130840270833
12,0.6447402507923743,-0.1679031204553457,-0.18452252621907864,-0.24360500227956805,0.5076459483454189,-0.018951606861277823,0.18744325153445607,0.10661290275076778,0.7862422255232894,0.2944515348598342,-0.4277808295616677,-0.0640293222998887,-0.3952841214674208,0.09409353987353235,0.8345788961376438,-0.6395834474086128,0.7862422255233151,0.15920092253801718,-0.30646337745856805,0.31042615029882087,0.46832172312257614,-0.24578001945777453,0.06867940986277057,-0.0030691449682664967,-0.11396566398351196,0.15568793936613456,-0.42778082955973695,-0.18883114711778362,0.46832172312272907,0.3718196722696358,-0.6076735641020963,0.41267250090833896,-0.14265701926088947,0.08938056610341255,0.14843253821661573,-0.14204691288853988,-0.3952841214644927,-0.09786352393472084,0.06867940986273867,0.04790472565698788,-0.14265701926058474,0.12215003934427394,0.24211556729000264,-0.06889039447578776,-0.008655853596871082,-0.03400981915625509,0.8345788961375182,-0.07629705561891058,-0.11396566409170411,-0.09233914730301283,0.14843253821695748,-0.05150928982457979,-0.00865585359692082,0.10296577398548915,-0.26445235743342455,0.019750324375518734
13,0.182373031316674,-0.12237513855963861,0.3926763061708398,-0.12658209115628843,-0.07809627768764708,0.15791073712426956,0.07034349903225667,0.036898196448377836,0.18322906787697843,-0.00688456347094239,-0.018347697733433175,-0.06571494210772394,-0.20732608034756148,0.14744239984452448,0.30843436891002163,-0.16346788332612658,0.18322906787698462,0.09196860409118547,-0.04673576843722695,0.07875993578156247,0.23693937563811204,-0.0476246643113635,0.034488730322666195,-0.0011044717933698482,-0.00976818346000505,0.02950960523825324,-0.018347697732873015,-0.07345914745086729,0.23693937563812548,0.142585094573595,-0.013220550493886193,0.1381384050028835,0.028048072093492242,0.23949450615057308,0.19923305390256027,-0.01966349929767485,-0.2073260803480142,-0.14315510232191042,0.03448873032266376,0.016625639152734156,0.028048072093771314,-0.10106930358800922,-0.03625131304053163,-0.019476248599981903,-0.16607619251517705,-0.03636482585180106,0.30843436890993403,0.01742522295879674,-0.009768183459736277,-0.027037161734856246,0.19923305390264456,-0.27338817052883685,-0.16607619251529993,-0.10979092571990945,-0.006535272912861765,-0.0019183892109568695
14,-0.03835420940362601,-0.17973504137409585,-0.01890834404575741,0.5467630510337462,-0.15936173127295242,0.009252153223335434,-0.00515541801319106,-0.004522602133835562,-0.02524840309772846,-0.0169131439146317,0.0026832003489141937,0.01223676697349658,0.026831243081322523,0.01933222532149742,-0.007988427360323175,0.0190824317489059,-0.025248403097656746,0.0012561495855248482,-0.008837770933662784,0.03471424079322546,-0.005428489110513416,0.0027013947979606674,-0.0010759705284062245,0.00013446541524105612,0.0649858653579652,-0.018446524316011553,0.0026832003492419207,0.011790315004846279,-0.005428489110538431,-0.0028232639776554504,0.0024438193608057974,-0.0027437545068476903,0.007342464876078509,0.00017677621162657888,0.003928050668738475,0.009317619992351717,0.026831243080842594,0.008345570788380932,-0.0010759705283927843,-0.0006143306467748723,0.007342464876573236,0.01020203297294817,0.36183919823348387,-0.10004502739558752,0.01302778026666534,0.005449102733366061,-0.007988427360921303,0.02567326167810487,0.06498586557590952,-0.02356562046752072,0.003928050668444923,-0.0030585914083616143,0.013027780266693172,-0.004349375543419341,0.03967985306462787,-0.0028555970871637784
15,0.053438170761812356,0.3234070602289458,-0.0900928011569062,-0.3916034380910151,1.0471313873835384,-0.0717170585063002,-0.08804310766100609,0.03800531585935292,0.11714343484828088,0.178139681932013,0.013413362808266441,0.02750787023110381,0.04423992714687582,-0.02363306823173369,-0.0008726189084973799,-0.03146108998285906,0.11714343484832061,-0.051136907133543026,-0.3027536663865883,0.010233577678519267,-0.10650276018838031,0.03180816203657952,-0.012716333970567446,0.0005859001416561713,-0.0475576006764079,-0.011680922023158557,0.013413362807787911,0.050476572643172894,-0.10650276018825991,-0.07389995950196152,0.03829253195421743,-0.08929271948510194,0.02379096023149529,-0.02931338040275392,-0.0720881962824817,0.0026971587048310783,0.0442399271477718,-0.04085777064968495,-0.012716333970572133,-0.0057224682966629985,0.023790960231327655,-0.0023292374341271445,0.3262763580470557,-0.05975891346636288,-0.013179674660928179,0.013413243341002778,-0.000872618910160475,-0.09892264521712738,-0.047557600746592925,0.11303177956091987,-0.07208819628208672,0.14408175886067906,-0.013179674660136234,-0.05968879471442147,-0.338884428843879,0.05008163152701258
16,-0.120493368762033,0.9403507385834986,0.23363011984464468,-0.08398123462262282,-0.3770228154824327,-0.015403429493069064,0.018304586259237386,0.022964796803338752,-0.2943183208676567,-0.29610437266795103,0.017903849514327212,-0.01095756854803845,0.07523946312290505,0.03171010739482562,-0.17417206094932217,0.14634499487524197,-0.2943183208675874,0.029181252355968124,0.7638220762336414,-0.5001605985023394,0.11383590271214357,0.007078400715345758,0.004475129328545975,-0.00034434224348783144,-0.20404741531475226,0.001912808835689044,0.017903849514220995,0.00805403598831584,0.11383590271204468,0.049890457312996246,-0.007390021707449391,0.020310426461367697,-0.024829370948106944,-0.0468726099318411,0.12477762329728574,-0.11731667470242671,0.07523946312663717,-0.03226656022440164,0.00447512932857825,-0.0015399007343318862,-0.024829370948645818,-0.02919873327240987,0.05830304766877435,-0.006734120284140999,0.07436973265324558,-0.01727050210846191,-0.17417206094722962,0.05398127683594583,-0.2040474152088861,0.0015987792523153301,0.12477762329656435,-0.11626551947273704,0.07436973265218119,0.036407095805024485,0.33386097006747356,-0.056327815942642315
17,0.46684886639324824,-0.14161880691343617,0.04410426486869001,-0.2463098449195932,0.4747374067369079,-0.036448851294845014,0.09699189423822244,0.05755015867675319,0.5979205002593132,0.2434272566380868,-0.19795956020107536,-0.05005621149128459,-0.34593002328182393,0.09502857080500912,0.5944762169355217,-0.6353895259083836,0.5979205002593241,0.09274384459112794,-0.27002410375313385,0.24690764620871414,0.3194234896240988,-0.15831274521312555,0.05026162651073511,-0.000903207512530296,-0.1253747399563612,0.11894593425475053,-0.19795956019998878,-0.09383768200778252,0.3194234896242205,0.23612620379251376,-0.2943160863219543,0.19226601987089173,-0.10836545457115311,0.08214696263062117,0.13447288523352088,-0.18026545643103561,-0.34593002327948896,-0.10035493366404317,0.05026162651070552,0.031241621612977874,-0.10836545457111046,0.037125352738745836,0.24070361542154034,-0.06042449224982777,0.015021549051386267,0.0064757339271096824,0.5944762169349703,-0.1407284230277913,-0.12537474005924845,-0.021660475903341626,0.13447288523384637,0.011980357299490253,0.015021549051467195,0.0802458310542295,-0.23216465924250917,0.02062256946943983
18,-0.12382881329369541,-2.8732175017353163,-0.10348808848662906,-1.0807290196350139,-5.659612845207883,6.3780527727351375,-0.3383991550065234,-0.45652680552248015,0.03730487917701983,-0.08532100499418173,0.09948233958536967,-0.18196497361485844,-0.22538166796597045,-0.7771271340143862,0.20485681546811935,-1.2070249511215834,0.03730487917693951,0.013833016951062488,0.3401079227877437,0.8893053838694134,0.08249031254937332,-0.11567703679349847,0.010058175581647138,0.008906215389428778,0.10919774103014719,0.25646894760718825,0.09948233958478114,-0.12072381813064484,0.08249031254877683,0.09333838369602449,-0.02234929565367037,-0.2502599764349806,0.13916292301690095,0.11513850877985989,0.21789769923242808,-0.41531521815309885,-0.22538166797573767,1.2238013593574677,0.010058175581770235,0.0040141173859753534,0.13916292301469346,0.6317811734715856,-5.031485392038349,0.26678512210373373,-1.8003427830757337,0.14529956247240916,0.2048568154686742,0.47579913003936464,0.10919774134735567,-0.5375507490314645,0.21789769923298957,0.3080442409185593,-1.8003427830788503,-2.9152667165692177,1.3654692514066846,-0.2213450802486807
19,0.6255212864080796,-0.16753069037713472,-0.19045615929740575,-0.25909013512426615,0.5367507241801818,-0.022741871018457708,0.16926515624254448,0.08907264249090388,0.7797195843253812,0.3049428390730286,-0.39900251173125006,-0.03885028593431404,-0.3870819777972602,0.08887667573161954,0.8109578010221156,-0.6955212190368142,0.779719584325375,0.14888249933205405,-0.3279761371015352,0.31749526375694526,0.447050906277006,-0.2435173891935433,0.0665025147223881,-0.0027463292774644933,-0.12625736973538926,0.15667256680065242,-0.3990025117294087,-0.15786223277350936,0.44705090627716587,0.3584133594008789,-0.5891982184826323,0.39495920407941293,-0.1314598757949489,0.09495040474540171,0.1599755999237152,-0.0568232374919299,-0.38708197779446807,-0.08822065765923819,0.06650251472235919,0.046342598661560416,-0.13145987579467908,0.1202909605583472,0.25434177487445353,-0.07051069878787772,-0.010821556762978031,-0.03178991644188374,0.8109578010217903,-0.06131071858873398,-0.1262573698532748,-0.0770357648541193,0.15997559992402777,-0.08509166276163842,-0.010821556763006326,0.09547757230539426,-0.2769514512245681,0.021912077145048454
20,0.6209730017761845,-0.0497647408448612,0.19339441849748665,-0.03510515664735337,0.018659410962664314,0.01901184260382042,0.137653884143428,-0.002483179400262744,0.04992518499120137,0.02811177811750348,0.0051154642047138,-0.006755326858974445,0.1823069059660584,-0.08102574710460517,0.023809130788036124,0.03166765030386339,0.04992518499119129,0.0052090891774554705,-0.015431177049882958,0.0324234900350864,0.008928526810611069,-0.026104711625584247,0.00236996915862143,-0.0007345276984165076,-0.00363637485088181,0.01569401695220227,0.005115464204212314,-0.012451103454432963,0.00892852681062983,0.017665918290220687,-0.053940756333362316,0.01337385669756781,0.050531075774228176,-0.09865929602404731,-0.045204784457290474,0.01425533882584828,0.18230690596611654,-0.1018979900577851,0.0023699691586249877,0.0026639131818435194,0.05053107577414515,-0.01983612958492065,-0.009411625150158233,0.00496650495089286,-0.02108270461835566,-0.02357175961860818,0.023809130788064438,-0.03637148351794589,-0.00363637485122209,-0.017857436169985932,-0.04520478445724782,0.0037862545723857813,-0.021082704618386728,-0.06693942004402004,-0.01765043788651567,0.0005371628815151796
21,0.9031488959242179,-1.5257903355134064,-0.1223002600032727,-0.14222436122264573,-2.1626119034282527,3.198881713160883,-0.5026463035999718,0.5816113488418677,-0.11160695600641317,-0.13136487149197554,-0.2893014259855295,-0.01264776444194469,0.5069158904438354,-0.5676904996715468,-0.7467144032607259,-0.1416705373291749,-0.11160695600645996,0.017227150581048775,0.4150867622366576,0.44580923084602614,0.12758918872593017,0.09913737639823442,-0.005422283729996163,-0.009005710170475871,-0.1897395016927967,0.27744297544343877,-0.2893014259868403,-0.15278136021092434,0.12758918872581462,0.021399714078360513,0.01462789287561312,0.15279216110709054,-0.7089240089966045,-1.328113682383815,0.005413664595712469,-0.10754062125557862,0.5069158904424923,-0.1691291109776618,-0.005422283729890829,-0.0018310995863607925,-0.7089240089998221,0.015368871247054576,-2.6701372591828445,0.1315084118475139,0.8658083190982693,-0.6365129074047936,-0.7467144032560119,-0.047328952843705856,-0.18973950165514394,-0.28448632528722123,0.0054136645956381286,0.12922187674134475,0.865808319096025,0.5410795146726582,0.452880417038809,-0.09825813955856348
22,1.212103737786688,-0.18938568702239095,-0.794858928250164,-0.07796829976778077,0.21862028106582537,-0.005716838990558124,0.6367836865594911,0.15014991416376963,1.0041982656555124,0.1235943258726789,-0.7873617299731004,-0.16989192082839036,-0.5255239075135307,0.34048169755514957,1.7070993989540078,0.15263880069590025,1.0041982656555322,0.44281077331041374,-0.19130479717700416,0.26563554901413333,0.5078092575778361,-0.4295981169384524,0.13707699776709373,-0.009616906092037738,0.18647385031843897,0.14837966731751823,-0.7873617299711314,-0.4492333381885013,0.507809257577968,0.6121996027207913,-0.6420409373395651,1.139434968758761,-0.36662255475222777,0.10028307257732982,-0.5324077672494484,-0.12242172801151688,-0.5255239075154852,-0.24597724402204463,0.13707699776702603,0.09788805512630804,-0.36662255475046046,-0.37384421053076866,0.1438613496962861,-0.057352872455445125,-0.005430756428214135,0.003088140116803423,1.7070993989548287,0.21047923131596566,0.1864738502833897,-0.3756919937949202,-0.5324077672488985,-0.3413969365082491,-0.005430756428326029,0.1407330817482334,-0.2664796534680453,0.02010674776423379
23,0.3366111055203302,-0.013995658194476547,0.1339774816304992,0.11576279117105806,-0.2995068747662551,0.03737612625040127,0.4160686233274365,0.08717384630509328,-0.14756310892860106,-0.5776711626300687,-0.3687726811842986,-0.18652476863902998,-0.1894717756157618,0.27796966416408536,0.7047796383392912,0.9776241252623139,-0.14756310892857416,0.3382524464804254,0.19557076250009833,-0.16960403421793147,0.3793504701006918,-0.2597499780241505,0.10375241053288885,-0.007814458302780292,0.21686764182313892,-0.06650182788118436,-0.36877268118454254,-0.41115279304089347,0.37935047010071876,0.3649287788595379,-0.05928185692266114,1.1164997572239719,-0.32315178409457984,0.012105917841566331,-0.06345994740573521,0.8258057496977896,-0.1894717756194389,-0.16653490561326173,0.10375241053288928,0.0538460729154223,-0.3231517840932006,-0.5424760483369675,-0.09177508015937975,0.008729513857699427,0.06852314071906213,0.2296898257673712,0.7047796383390711,0.390458895773778,0.21686764187250362,-0.08730294881291727,-0.06345994740620615,-1.623453228818748,0.06852314071891767,-0.03839187837042603,0.02573851265504714,0.008465295848787182
24,0.14596245176797668,-0.07468933247590166,0.4310005560087664,-0.06138614678515522,0.1409151523750417,0.011467808935537484,0.02143909840851752,0.07911704737028012,0.18757359083308336,-0.07910526447884035,-0.1758656836777378,-0.10565291213222834,-0.2064022044765779,0.08786092532939367,0.3141851962922094,-0.3478939172987721,0.18757359083310454,0.1363798607865406,-0.024610561776136453,0.06907826539126534,0.4923456675599667,-0.03147054322275746,0.04701465433988995,-0.0027111258039940462,-0.05951045079379059,0.04708599100027457,-0.175865683677294,-0.16146337028445476,0.49234566756002074,0.25503549913157825,-0.23992322796982474,0.22796330520347785,-0.15397444005912833,0.02150245172997346,0.5244133159792891,-0.10994321911753911,-0.20640220447482496,-0.09704384578116071,0.047014654339893096,0.022709468140510582,-0.15397444005898037,-0.003829644668296703,0.05282847889580169,-0.01983529361475155,0.007427697575347522,-0.12400194821549926,0.31418519629202135,0.03761197954966747,-0.059510450825586744,-0.011098938889057615,0.5244133159792375,-0.3747722925433388,0.007427697575186402,0.04228701944377469,-0.05966649476412811,0.002821950011255297
25,0.289971910283823,-1.037115331260555,0.03135395340232089,-0.2736028657192929,-1.8803068727142553,2.2792810585937096,-0.3354845094300293,0.08408828215860642,-0.10799648079117372,-0.08366263769210273,-0.059055799075955755,-0.028487668476368213,0.24504553959433453,-0.22590764249637582,-0.18447969035885173,-0.30742035371604176,-0.10799648079119115,-0.01666302822935172,0.21569465741813873,0.2901628947637002,-0.017057315361806352,0.00860067552261314,-0.007416149585797169,0.001912357965334392,-0.018388851186350117,0.11866037008325209,-0.05905579907848838,0.03149416703479266,-0.017057315361975772,-0.0124000446170512,0.008661569441914452,-0.1045105718437061,0.022692414508535562,-0.14891713734084935,0.04109014158015911,-0.12442691371749184,0.24504553959189318,0.18044880122598375,-0.007416149585735493,-0.004833773532666503,0.022692414507185975,0.19839782455169638,-1.838584071335547,0.09534795671809208,-0.04001831075775665,0.002242887949288257,-0.18447969035496864,0.26163282296239476,-0.01838885111903937,-0.18695984748679503,0.04109014158042009,0.1545217748132349,-0.04001831075903724,-0.30659523033364366,0.4469356104438029,-0.07719319541245866
26,0.1897719618560119,-0.013052677520095738,0.4040078253241557,-0.014907091948249507,-0.0015474874400302964,-0.005168987174460217,0.024891295294873567,-0.03987929317396837,-0.031060942746879337,-0.04459624739995001,0.11317936637298544,-0.018791738864647096,0.02768935891469666,0.01400794142000164,-0.0003535069033301425,-0.029195560140651097,-0.031060942746892226,0.01892467287120035,0.02240450011126079,-0.012528562630472485,0.05915892547653141,0.05981818406857591,0.006222316942624711,-2.8910682211829972e-05,-0.005079609052457848,-0.004047334856525851,0.11317936637275004,-0.024198715570655484,0.05915892547652898,-0.0014957026737628303,0.18716654314725784,-0.02547234291924735,0.02510529038732399,0.016149023091389547,0.14774727830701967,-0.05216755731880135,0.027689358916161942,-0.09090929913566133,0.0062223169426199754,-0.000995379899215714,0.025105290387310863,-0.07717343177521724,0.013493575730151367,-0.0015970823785345647,-0.011313518101579125,-0.04195794298106402,-0.0003535069028788953,-0.0047797312980390185,-0.005079609050037822,0.010913653114523955,0.1477472783070315,-0.06389347934547819,-0.011313518101583472,-0.0073409362004547155,0.005075660949701763,-7.787007612135443e-05
27,0.0903811878562769,-0.8778291863109337,-0.38446327756015775,0.5621333178869525,-0.9864816563558468,1.3194422080403125,-0.44984565544714245,0.05539310171742608,-0.13824917412346868,-0.11487970314827017,-0.06442026794651465,0.06503336514160753,0.3301262739715202,-0.38733573021721884,-0.1519238083536471,-0.15994622714715015,-0.13824917412345283,0.010042229618787703,0.21113014491639812,0.2168856411624694,0.029133435224209876,0.07406814907341927,-0.004279410645180579,-0.00041425765041753457,-0.039541348981694084,0.10943011614994758,-0.06442026794605853,-0.002495384945859594,0.029133435224133957,-0.018437013914773034,0.12144661786751014,0.00148208678489617,-0.598545164920207,-1.0194486148395718,0.11927477873999676,-0.14937088283529834,0.33012627397163496,0.2681398309728712,-0.004279410645170166,-0.005089933058833326,-0.5985451649214365,0.07743587627646752,-0.9410213946630348,0.03842310369930014,0.43766723236058075,-0.11279078369978467,-0.15192380835147928,0.07223672804554844,-0.03954134895012282,-0.13541683342652122,0.11927477873959139,-0.013879835514105644,0.43766723235974203,-0.3052705194654795,0.20481857823794822,-0.04192792431086181
28,0.7954754206668992,-0.17914672827924402,-0.34714484428117454,-0.21208804783716267,0.4650664077612392,-0.017262623456016552,0.2875821391797249,0.09997316468990528,0.8616757418696644,0.2577508052383159,-0.530927792121807,-0.07126080573927714,-0.4317162577407607,0.13607950599353283,1.0243199245531969,-0.6856792084099245,0.8616757418696709,0.2334221786425829,-0.2928549615585064,0.3150584746591962,0.507141355311583,-0.3027041759982345,0.08804683392837084,-0.004526324780452395,-0.051896982834193466,0.16166402804783736,-0.5309277921198734,-0.25455938483221696,0.5071413553117425,0.45473955110031133,-0.6461967279124846,0.6136583735553359,-0.19104852055261692,0.09422064823959858,0.06037116465219813,0.012067620324905881,-0.4317162577389909,-0.11401733490910669,0.08804683392833669,0.06203442788088469,-0.19104852055197277,0.033550098879638765,0.22661098316515846,-0.06802467861044864,-0.003077676195813229,-0.028347223153041903,1.0243199245529608,0.02602354808971849,-0.05189698293061312,-0.16181888759329627,0.06037116465252309,-0.1267734480745278,-0.003077676195899163,0.1149571597193008,-0.2757403762274644,0.02043541122123932
29,0.5770302337016171,-0.12623633345255894,-0.05926056754868385,-0.13384928697847262,0.27516321233015806,-0.0026535409598204,0.27915328611398366,0.11558834389858652,0.5347405135130373,0.026567036538387892,-0.4566902891808743,-0.10976303053119153,-0.3485441278953973,0.1387773186893885,0.7697816040276652,-0.3778881982786541,0.5347405135130611,0.22558414243610442,-0.15092254977011574,0.17891462315491719,0.5372230287422458,-0.25782414189315267,0.08205608136560855,-0.004702778787610551,-0.0249814333546963,0.09794150471464502,-0.4566902891793804,-0.2735921734003477,0.5372230287423639,0.42255583813965386,-0.5569510090419058,0.6258053875105531,-0.20108724676608464,0.05820948287279765,0.20567090929490725,0.10897393102780896,-0.3485441278943763,-0.1256408563605041,0.08205608136558505,0.05219357582241687,-0.2010872467655203,-0.012920213859459618,0.1455273694167167,-0.047693374089717404,0.014170927396702327,0.007112943858027988,0.7697816040276574,0.05233291866597238,-0.024981433414260255,-0.1008084728208781,0.20567090929500675,-0.3886132328132454,0.014170927396597003,0.07927895174364955,-0.17344128153272723,0.013982335965721357
30,0.6907936128989584,-0.13344809226286589,-0.08956531772244103,-0.05947690820235346,0.1444822794547411,0.011453125090497087,0.3875909662538829,0.1402376340307716,0.5192816144931119,-0.12023363885012081,-0.5620353088291903,-0.17411948804153235,-0.3875815867281545,0.23671442451531388,1.0359787149133184,-0.10242081815001296,0.5192816144931501,0.3437333825932774,-0.07190135413043873,0.13446930213407773,0.6181351846205375,-0.29027592653745565,0.11054867479921701,-0.007441280592250706,0.07479820969293224,0.08494399335559462,-0.5620353088281328,-0.3891490566383816,0.618135184620645,0.5189231685181735,-0.49960265784550467,0.9295212924214122,-0.30763646218195007,0.06300709959872071,0.07208980822916405,0.05974249961209812,-0.38758158672884807,-0.1669101529272863,0.11054867479917825,0.06876695883635324,-0.3076364621808225,-0.2348577206733435,0.08621582492184404,-0.03783887220444343,0.0153104193514347,-0.017839880102020103,1.0359787149138004,0.20692159456605874,0.07479820966381548,-0.18141943090115153,0.07208980822924677,-0.7609930582039973,0.015310419351224402,0.07857962112314484,-0.15414910055127767,0.01258039239042633
