,0,1,2,3,4,5,6,7,8,9,10,11,12,13,14,15,16,17,18,19,20,21,22,23,24,25,26,27,28,29,30,31,32,33,34,35,36,37,38,39,40,41,42,43,44,45,46,47,48,49,50,51,52,53,54,55,56,57,58,59,60,61,62,63,64,65,66,67,68,69,70,71,72,73,74,75,76,77,78,79,80,81,82,83,84,85,86,87,88,89,90,91,92,93,94,95,96,97,98,99,100,101,102,103,104,105
0,0.20611370538682922,-0.08232545870513162,-0.012935423270898902,-0.47193945858574504,0.32003562826094595,0.005025724317486016,0.13218125773622796,0.31811910016002565,0.11052464501561214,0.021774628668179113,-0.07538839246679718,0.042516865752508994,0.014579387230854356,-0.012938209998629987,0.009130355585712764,0.0019599439864099798,-0.08829373731669396,0.0927887704115937,0.0041244221920536854,-0.00027937520659781156,0.025960519186137974,-0.010525729850761629,-0.07538839245776362,-0.09094909176612691,-0.016663108293303367,0.04855186503964062,0.009768934902075177,-0.006699136379535456,-0.008446335952664492,-0.007179278447504957,0.005107932683337079,0.019149945517730863,0.0007936373551771282,0.0009476275339308391,0.014314357815630497,-0.006573364412768447,0.014579387230846641,0.009569114671725045,0.009768934902068377,0.0003005054652758528,0.02495165143039168,-0.014428611925119423,-0.07993589771691723,-0.053279808032226546,0.007030283846511551,0.050941437041650606,-0.00433024072587615,0.00933268671983806,0.0187198998840628,0.004718872701085949,0.009130355585715037,0.0002639396101817627,-0.008446335952660517,0.0004364819619022734,-0.07993589771691653,0.007312846424172696,-0.07789042459997371,0.0588837862063498,-0.05763095425017074,-0.1553986436748569,0.0009577733140456327,0.00018872533669368548,-0.0533961387575996,-0.09435459235782813,-0.08829373730879449,-0.06657166469248572,0.005107932707306903,0.03768381418710691,0.0070302838465225925,0.03818298820375921,-0.05763095424999659,-0.26976570126786853,-0.20627274138066767,-0.07578358133378446,0.004846588571757002,0.006682878886842034,-0.15152289994407256,0.02024931046341869,0.004124422192051203,0.0025627251674342415,0.0007936373551775182,-0.0004102274328408669,-0.004330240725876615,-0.0022859503454367627,0.0009577733140460313,0.0002976532877292436,0.0048465885717595,0.009423496813235656,0.004221591754689528,0.005232758593507634,-0.010837732978604336,-0.020717740789034066,0.025960519186118254,0.015259403592515257,0.014314357815641764,0.0016708696146496994,0.01871989988404704,-0.010710307587818976,-0.05339613875757343,-0.03404509870981056,-0.15152289994406762,-0.00610778169964325,-0.010837732978600152,0.006519812644803652,-0.053024880781335514,0.028487281357263857
1,0.02607839978657876,0.06913994211419615,0.007620359144184563,-0.06583279451148198,0.49398957895296325,0.00405136293772416,0.09491245574601694,0.05531965539684379,-0.020224000452753844,-0.050015727901581146,0.029334897628151144,-0.028106507691531446,-0.0059310476036401605,-0.007077016182574293,0.005873719137142423,0.0041768742814830995,0.08770414265039195,0.022456268959134634,0.01160548048003063,-0.006080776652483531,-0.013593192559790185,-0.014420136134768387,0.02933489762518297,0.004100837083050711,-0.002609199252178808,-0.05563969664407606,-0.001968904689867753,-0.005746667368939111,0.0037535836767809403,0.002158714265083367,0.031936709641887086,-0.004076752979587412,0.006365234850573881,-0.005416341761169624,-0.0037402757059580662,-0.005455288572691826,-0.005931047603636459,0.001577193594854279,-0.001968904689872715,0.0003927786080281876,-0.0018268754109505153,-0.015967431958064177,0.01917854861908503,0.011557839871821126,0.018721608885210288,0.013140856772772087,-0.0066431291300999016,0.002320072772322653,0.00011238709878269012,0.005359757149905926,0.005873719137142496,-0.0001001094519058508,0.003753583676779657,0.0001659755689156242,0.019178548619084846,0.007236111710583867,-0.027839394401078948,0.014122833011898274,0.14092635501236211,0.04107222939074243,-0.00027108171628746375,-7.345569807362631e-05,0.12189752597834602,-0.007294908574583927,0.0877041426465579,0.0523794765205977,0.03193670962705287,-0.030363470280255416,0.01872160888524468,-0.00327558577738941,0.14092635501264478,0.005994202547968592,0.13703207521051428,0.04555376006479302,-0.0012100002008399724,-0.0069106248352993485,0.014388084594597153,0.02630349283803475,0.011605480480021657,0.013200493310734111,0.006365234850573224,0.004681675261861964,-0.0066431291300908975,0.00019519148115319313,-0.00027108171628720235,7.864536468603699e-05,-0.0012100002008404115,-0.00538151702167779,-0.00794460019517591,-0.004656970559466922,-0.007941798264983563,-0.0004151134182138311,-0.013593192559744144,-0.0006098424845553018,-0.003740275705984685,-0.0001272147204019417,0.00011238709875526241,-0.005894596165104613,0.12189752597831777,0.09089798747429216,0.014388084594591906,0.029873208724443275,-0.007941798264981387,0.002685529218842811,-0.03912209025783507,0.007871679496250374
2,0.12330108822799331,0.19669163860981256,0.01778169139343016,-0.016829926677664895,0.07732152498993443,0.02123540994117934,-0.0002253221880943004,-0.0016130865897962209,0.02558615285572976,-0.014013740939110335,0.1128818413789624,0.02115096779690922,0.02117986204590022,-0.006663226929962453,-0.0015436618938652876,-0.0008917164870147579,0.08676187342350343,-0.039328166387240605,0.025496806093822134,-0.017604394827872037,0.029858129057118786,-0.009663846473771848,0.11288184138117233,0.06692761303371025,0.08468624818642638,0.031376760919640125,0.008526884533298768,-0.0023540119911414853,-0.0011247645484532868,-0.00047404870006408957,0.04286248357734082,0.007488298809728686,0.009977788845712418,-0.013810912761212438,0.01184353688692234,-0.005949869244532794,0.021179862045902047,0.02125486186023347,0.008526884533297061,0.003969895232810378,-0.005255919669288558,0.0051528461674111735,-0.005279747941942678,-0.0018192339124587357,-0.0025548047289030216,-0.00609995120241653,-0.006430984244351767,0.0062946142682652854,-0.003463222117604125,0.004466154078322983,-0.0015436618938684812,8.131588586644201e-05,-0.0011247645484558557,-2.449460729659084e-05,-0.005279747941943376,-0.0011628228869088146,0.03027322623941417,-0.014734350158224925,-0.040790114794735294,-0.006677937776258369,9.97115641944869e-05,0.0002991440017091878,-0.023266158088675527,0.00013051674816473685,0.08676187342613637,0.010266292122522242,0.042862483562177776,0.002127591117274092,-0.0025548047288983067,-0.00039851636608591307,-0.040790114794852554,-0.0010288036419265289,0.020712630247782637,0.01392174520003859,0.0033317083832725435,-0.012038951779836627,-0.0024639091477803455,-0.006115747618490436,0.025496806093822297,0.027675357275626786,0.00997778884571225,0.004987828236489896,-0.006430984244352536,0.010405038526449117,9.971156419468862e-05,-2.1689054828686355e-05,0.0033317083832723883,-0.0010520201829459213,-0.02080479931720934,-0.006088433895188314,-0.010835377969008918,0.0018493683507372456,0.029858129057118217,0.027302548259478265,0.011843536886986201,0.004586010917965421,-0.0034632221175864486,0.002817567375789731,-0.023266158088703994,-0.008739493312663636,-0.0024639091477498785,-0.012218633856053054,-0.010835377969007779,0.0037938632585658473,0.008405694175095258,0.014598054542145791
3,0.6310349852738001,-0.01840532884731859,0.009763200414011452,-0.07850946679303633,-0.15636140786705133,0.05710401987307876,0.008198614793708474,-0.016754627682985423,0.5062321983005654,0.2562752158841541,-0.06249738469769376,0.2177037676835867,-0.002185117387711381,-0.0005390365412602426,0.0017632188175064336,0.0007877082432635832,-0.35655532227138986,0.13937700793351115,0.0608187386073343,-0.028792620993594645,-0.01587520473171711,0.010281096905660926,-0.06249738465918126,-0.1847386345115302,0.13270139830948505,0.26932502490485616,0.00438441606878626,-0.004634547384537967,0.0018985827581130107,0.00038004455314810784,0.015274141638837984,-0.056260263591120616,0.05598105686970255,-0.025379074692618606,9.896506297461928e-05,0.0018891760887169132,-0.0021851173877052354,-0.0012519285211659364,0.004384416068781178,0.007376620342069058,-0.0012203223863530971,-0.004678809802577511,0.008068876335834746,-9.098075452664139e-05,0.021651532207711214,0.019248912586183633,-0.023453053517941518,-0.014771983479428055,0.004432907718133894,-0.003019420924918897,0.0017632188175099436,-3.757224794689979e-05,0.0018985827581116832,9.200364008185226e-05,0.008068876335832977,0.0036368825697170692,0.07831695174541968,-0.013487524977056435,0.11593543566855928,0.003726322883388033,-0.0001824417468464754,1.9686484773857413e-05,0.008253927723318745,0.006913029891821809,-0.3565553222219816,-0.38324360219044024,0.015274141635888909,0.06677598411091032,0.021651532207726722,-0.0041729736117046235,0.11593543566833782,0.06031322087957316,0.05722848374312344,-0.08206316619121613,0.045985218715698474,-0.036312133978621534,0.028929259886859408,0.011995521042731196,0.06081873860733694,0.05932373965443912,0.05598105686970278,0.04713975993088798,-0.02345305351793698,-0.0007295125741052583,-0.00018244174684645627,4.7141813285560264e-05,0.04598521871569837,0.03329018463279686,-0.048397790308158474,-0.037741432512197616,-0.019700357351622122,0.003916081338573144,-0.015875204731529598,-0.015370587175373391,9.896506298940048e-05,0.005616611669614761,0.004432907718123568,-0.002802104116116665,0.008253927723335655,-0.008389189198466816,0.02892925988686272,0.03181380273966753,-0.01970035735162489,-0.015212076546879711,0.004389479332008307,-0.00999801499608718
4,-0.271890458514273,-0.0108473880409751,0.011208331357021503,0.33173040221802685,-0.3182862294687987,-0.00442551154406183,-0.08949028561597329,-0.45416055595042176,-0.1381679051373952,-0.02212906869217883,0.030313905929036385,-0.004898953096263314,-0.008217555653748777,0.00965378755293194,-0.00686666051195903,-0.0021927965146209044,0.035605884801541095,-0.025419420610128245,-0.0054741052442345145,0.0007832998358970576,-0.012761233205915521,0.010337094105296712,0.03031390591942218,0.07640585649390791,0.002085703463918916,-0.04220708108554976,-0.006453454462814042,0.005313923236101531,0.004818907253342465,0.004119125198357629,-0.0019915971794371235,-0.005254096506107423,-0.0018522126778005717,-4.7726852430607604e-05,-0.008417547583382047,0.004663305190744299,-0.008217555653752394,-0.006793065659585291,-0.006453454462819001,-0.0004477461099055268,-0.018583534740660698,0.012221623527560677,0.04794724469800969,0.031414577866495916,-0.008384606171716446,-0.035030003057608776,0.0035225492642904054,-0.007864742163315614,-0.013456353029933464,-0.00892779158551988,-0.0068666605119573655,-0.0001391670153398831,0.0048189072533388845,-0.00032477377150761803,0.04794724469800933,-0.006399594109204758,0.049812722413330256,-0.0006593723172961016,0.03761605054728928,0.09347779091392668,-0.0005925397093925152,-7.444918126607342e-05,0.006126807628839703,0.06468001802984286,0.035605884798084665,0.05560764466944267,-0.0019915971737654837,-0.022682170608473006,-0.008384606171713303,-0.025346546816508518,0.03761605054711682,0.21013556089728805,0.12885417478126315,0.05603936555772756,-0.0025054426407882338,-0.00370008312423001,0.09757113455311477,-0.020138226896225967,-0.00547410524423312,-0.004749985385183762,-0.0018522126778031027,-0.0005265754251045202,0.0035225492642852094,0.00190833647170457,-0.0005925397093924527,-0.00021875944398272866,-0.0025054426407897057,-0.003994710588019275,-0.002592906625714343,-0.0038969151455476,0.0078016662473295705,0.013503323308241943,-0.012761233205916675,-0.009784074017391429,-0.00841754758347379,-0.001150337025128258,-0.013456353030004645,0.005189536159163255,0.006126807628899262,-8.208428418534981e-05,0.09757113455311164,-0.0005675511139860544,0.007801666247332577,-0.006347576533971716,0.049887780887630816,-0.023075426061172813
5,0.6765143508889958,0.13432106831548749,0.012307932382666111,-0.0904462173593629,0.03405747669455438,-0.004826852116038113,-0.020571682077124863,-0.0012767266297204428,0.31877086021816237,-0.01667039125917132,-0.01469415131649157,-0.041717694814088324,0.015441952607595365,-0.006051021157488517,-0.0022492009050076654,-0.000573605296006908,0.05121776812242834,-0.0023398276042287903,-0.0011640216203346629,-0.007779855103491065,0.030572180628944377,-0.0029547610168853314,-0.014694151321833108,-0.16063401326805674,-0.007555086563247285,0.05110356154907124,0.0018329660956956928,-0.0024626040010236406,-0.0001667173413082056,0.00045688287412380885,0.0052413015432073015,-0.03593573101959385,-0.006083656742118971,-0.0024935202208091973,0.007255823427874416,-0.004913735977251938,0.015441952607594041,0.013437295323421375,0.0018329660956974225,-0.0013271143323430308,-0.005243012813309921,0.006572615728326152,0.00226701503615498,0.004398293589553639,0.0012357819972083992,0.004623021894974499,-0.005766852933206378,0.0075112476799671455,-0.006886005511034368,-0.0008066336451926871,-0.002249200905002718,5.40221912443565e-05,-0.00016671734130932578,-7.659918919454127e-06,0.0022670150361540197,-0.0005926158519133123,0.10608132997481973,-0.04013248486657184,-0.020424725103109397,0.017335255803595434,0.00022324406912532912,0.0003531705550552432,-0.009855489397165991,0.00169119432596504,0.0512177680748272,-0.03837324763565991,0.005241301515072882,0.01242383680139135,0.0012357819972090163,0.003398197680641275,-0.020424725103173228,0.012798151940903656,0.008012185106154018,-0.0679823528007027,-0.005308056041275669,0.00510809286976994,0.007035353748040107,-0.0074197749300312305,-0.001164021620333204,0.0029827696923520417,-0.0060836567421196745,-0.004195776791618672,-0.005766852933205529,0.007472644862583638,0.00022324406912528212,-7.305734703909457e-06,-0.005308056041276235,0.003173839570704637,-0.005830014902981498,0.008787512532800008,-0.011123761691675586,-0.0022067374485485697,0.030572180628931203,0.02385447886802425,0.00725582342777921,3.629329157995149e-05,-0.0068860055110540365,0.0013731186510172937,-0.009855489397222734,0.0059328787384643695,0.00703535374803204,0.0015895393677675086,-0.011123761691672934,0.003193198752417162,-0.00395601681077427,0.0016664467287523142
6,0.2474698902233172,0.07172955576419038,-0.029825607424632857,-0.5967259257304178,0.5998545284258142,-0.022732605480390425,0.11798146763381366,0.47794273636191403,0.02490334930246898,-0.09717670834311186,-0.025936150633354537,-0.1153201684557492,0.0021121322406595865,-0.016647541493498928,0.010140916000566269,0.002885808665489686,0.05604389072972885,-0.11283105266870296,-0.021830374007012685,0.013720349447040434,0.01254717076684451,-0.02360493445093101,-0.025936150641103307,-0.08259238306335434,-0.04274533754446376,0.0037282838572818815,0.0035098845532297767,-0.006866306856635211,-0.00901741595278892,-0.007444279197496221,-0.02974972940295251,0.027591470933818123,-0.019662957855094344,0.013850640724789224,0.006490676647214782,-0.009968816373786476,0.002112132240642589,0.0024086350171865804,0.0035098845532217557,-0.003979428592527791,0.032279896953009465,-0.020011987658115224,-0.08535803589576801,-0.054954730887572474,0.008916782621835461,0.059295329777528286,0.0053208853137011935,0.018686778581008895,0.024850087332768063,0.00898889723235513,0.010140916000562774,0.00023343240742669438,-0.009017415952790512,0.0005592486916975206,-0.0853580358957668,0.01091335203994449,-0.13564582031645198,0.0513786539664498,-0.061782314584495304,-0.1571289792161754,0.0011153327768352406,0.00012411183117609135,-0.0311738653091365,-0.10792903175267823,0.05604389070885792,-0.0017556892896637465,-0.029749729412558355,0.018322711875703834,0.008916782621823039,0.04797495568236593,-0.061782314584435685,-0.2874887275634413,-0.28335717209474703,-0.056601210789774925,-0.011348534744690606,0.025051902474833597,-0.1753272742919959,0.03621668244760188,-0.02183037400702575,-0.021434537010224713,-0.01966295785509895,-0.016353709148360436,0.00532088531370746,-0.002000080650227329,0.0011153327768351003,0.00036641861999342365,-0.011348534744687572,-0.00022345589620658936,0.028640734858794616,0.023727307777511135,-0.0039521283201745605,-0.023075544571383208,0.012547170766798576,0.010282559210711584,0.006490676647233253,-0.0036546866063343823,0.02485008733270793,-0.012701088842093741,-0.031173865309172155,-0.001468342236142095,-0.17532727429193648,-0.0036830545937682354,-0.003952128320163657,0.016784885693225966,-0.06838374936458845,0.0403620105794665
7,-1.816858128880062,-1.085440757888772,-0.4019079895710112,-2.3460074953739745,0.3629466766891325,0.1217011164575791,0.27162336222515815,2.2422275357826567,-0.2497098977345055,1.025426419980274,-0.20368673515571759,0.6253961972805239,0.06077493791398324,0.03557683620784833,0.055124724244497825,0.028032290053757535,-1.0544795203024528,0.4401199422266803,0.07321581766697748,0.08887913168524957,-0.01001148852393457,0.15549255784738064,-0.20368673512365848,0.4142245519391722,0.14750770485391237,0.3397968373225309,0.11334107753104086,-0.025237159114954253,-0.05355454939995776,-0.03083506390847494,-0.021767078595252367,0.29227567618551475,0.08119372689219223,0.04154947464530258,0.10404906853841707,0.12456232484170268,0.06077493791397496,-0.025062474562579685,0.11334107753099054,0.024713845157030897,0.37006014058123626,-0.23599703966161084,-0.49552683498327776,-0.2492371308187895,0.08616343172659996,0.3239897018499122,-0.007121532419661952,0.006383035704948111,0.2576761676337515,0.3142336847735428,0.05512472424450777,0.00103239302317952,-0.053554549399951475,0.0032555317214102786,-0.4955268349832731,0.057983126280746755,-1.31369965832026,0.5551627295490872,-0.6651090502352078,-0.7953851670159318,0.0038778379880864762,-0.005033366870901794,0.21962397065364403,-0.8865884745778098,-1.054479520242003,-0.45167375068325727,-0.02176707860618039,0.2719008928779416,0.08616343172656311,0.21645929889953786,-0.6651090502352104,-1.9814489752450062,-1.184645494838955,-0.09098953748432126,0.054307951348145915,-0.00016474994334101338,-1.1395089278637647,0.21598958137920557,0.07321581766691343,0.007755643424447386,0.08119372689220897,0.0512103235371457,-0.007121532419630597,-0.1957593415907749,0.003877837988086798,0.0027989650359121145,0.05430795134815917,-0.029959724572978522,0.10659561203866447,-0.007348894294038475,0.05265924142431342,-0.15503688970089496,-0.010011488523999487,-0.07351539781576574,0.10404906853836518,0.037635795261959815,0.2576761676337466,0.04106202890361016,0.21962397065361056,0.30244654145921906,-1.1395089278638508,-0.011308505852091607,0.052659241424324335,0.03476492259236499,-0.9541730587699154,0.2967166106703544
8,-3.484625634001362,-1.2295519996403903,0.6617580407315684,-5.354381034825826,-14.159675003122091,0.4448385917644074,-2.9351328340091456,11.004707857657415,-0.5568675821911655,1.1569050095372704,0.17690422763975658,1.7589717902088964,0.3029166305910595,0.3970840906763153,-0.22662113235224163,-0.11160154402268477,-1.5629554416092868,1.1356830338724657,0.3400532162862589,-0.3206038625523564,0.39600104480785414,0.6416565634348569,0.1769042274825848,1.0458094246654277,0.6544518037014694,0.352249900489311,-0.005343858516815822,0.23743029910458238,0.13631418191382902,0.11104977022055806,0.0274609847393072,-0.4441618045251837,0.258647526049505,-0.26095261376139883,0.015431680259433294,0.22526324646878731,0.30291663059106017,0.17026849738443864,-0.0053438585168316625,0.08285600731065712,-0.824716217145516,0.9110012297589858,1.467477965382292,0.8644023424173956,-0.6800984089072247,-1.66584472720916,-0.03324062154288617,-0.3071815735572995,-0.7422341872514777,-0.18148880739633244,-0.22662113235220588,-0.003200489592805289,0.13631418191380856,-0.016753760243027657,1.467477965382278,-0.4073983997493819,-7.81029816603128,0.9001378819158324,-6.389787523495414,2.1430318810983113,-0.018677729220364963,0.004701827309083558,-1.5694392101978651,2.5172205263011884,-1.5629554413812725,-0.7174185694001651,0.0274609846319948,-0.08066266245892366,-0.6800984089075155,-1.0394604861110002,-6.389787523495486,-4.527786888071243,3.397636266916097,0.8128862924348332,0.20964585033828942,-0.36824726424127285,3.4421626934970355,-1.4379472977641898,0.34005321628632984,0.3604144111390755,0.2586475260495286,0.21019835581535065,-0.033240621542754055,0.23654408782130334,-0.018677729220367402,-0.010626006126818906,0.20964585033822436,0.11723045063100226,-0.5754235774863944,-0.32639138301797493,0.09577424107691754,0.5619880830953581,0.39600104480721465,0.19095659114342697,0.015431680259251287,0.09564321953167233,-0.7422341872514918,0.5043115692624695,-1.5694392101978998,-2.387277825488148,3.442162693497148,-0.5684832307784304,0.09577424107689043,-0.32982216449556956,1.9718970731332002,-0.8248393720382274
9,-0.007331149378400423,0.01355915448274074,0.022912531799234474,0.0034297266013122206,0.0019758321145822155,0.16271386687708714,0.0020242941723712694,-0.0007870856986683612,-0.0004326868948554757,0.007350853915568687,0.0008095273960143753,-0.007760975261929952,0.04809652682643952,0.021351030371532444,-0.0008712446813314264,-2.4697108586564247e-05,0.0016935385188107807,0.009546145471061477,0.10896050070623725,0.039473870597028456,0.032179595438857414,0.012796273336311005,0.000809527396460774,-0.007686552753221986,0.00514875670898475,-0.008780413469733826,0.046408701987350254,0.01631219458110218,-0.0017130244105055792,-0.00014179980074039423,0.011764393833224272,0.004338012620411938,0.09138709596771188,0.026775578868472177,0.039004342135068384,0.014202539933728262,0.04809652682642866,0.033114335288097554,0.04640870198733932,0.03007980248100421,0.0028341670474251327,0.010039701354993803,-0.008793091973606823,-0.00027906651500587005,0.01897664454553931,0.0031258202292053405,0.03952823014900005,-0.006063109698620007,-0.010024263452836689,-0.001965056026957135,-0.0008712446813312937,5.040888293207446e-05,-0.0017130244105055892,-0.00015355669428249066,-0.008793091973607087,-0.0084924922935245,-0.002915986172907569,0.0012183397225896792,-0.00026508103714324965,-0.007814226002319452,-0.0003561781991131087,-0.00021067213739001464,-0.00369559177496794,-0.009094669720884166,0.001693538518909769,-0.018440587379873825,0.011764393832764355,-0.0054894691801085724,0.01897664454554318,-0.006446176391998103,-0.0002650810371441272,0.003666365364208051,-0.0032390995868791413,-0.01575963623375652,0.11133579521014061,0.021416707152546302,0.00756712419176669,-0.021452418434613735,0.10896050070623237,0.07154130075589923,0.09138709596771818,0.050557812530968645,0.03952823014900955,0.00692272785714587,-0.0003561781991130938,-0.00014452512730483326,0.11133579521014067,0.06766176798529505,0.049180950237351806,-0.00531109925787987,0.04622300534320206,0.020336663069032843,0.03217959543886951,0.02417298793473107,0.03900434213506913,0.02922007601079596,-0.01002426345283477,0.006828247053906573,-0.003695591774966064,0.0019618105919559556,0.007567124191778617,-0.0031449054123849473,0.04622300534320506,0.0008102397575851661,-0.02659410281261655,-0.016347169550883524
10,0.0019101742132512536,0.004357951683952874,0.06707469008331207,0.009695762909155187,-0.01749773755156793,0.09118842341870394,0.007820538412717586,-0.003082779250667696,-0.003967612829433047,0.0071258488787946115,-0.0008938496983738707,-0.010591711125528619,0.11968430903662548,0.07770408655561589,-0.0046037985191882775,0.0002452735636341732,0.009715296254583214,0.011091394144995593,0.030499952662405214,0.019708378145804423,0.14504014946118504,0.12686204051374486,-0.0008938496980645187,-0.00555796689408196,-3.088152848487357e-05,-0.0031939205820666616,0.07454517832156494,0.042494131289996566,-0.00513546738349382,0.00021888631082734653,0.009002572727137894,0.015681469991275437,0.014752542759679197,0.00854341913678954,0.0915015678499084,0.07678323441040417,0.11968430903663524,0.05427602153783421,0.07454517832156926,0.023681478123533745,0.07775423903026454,0.035987920027501376,-0.026918482858374636,0.0034052695328949984,0.028947204931245512,-0.0007884139865974752,0.0574753054864542,-0.005809967139616011,0.05124299482685523,0.03838856401751215,-0.004603798519189035,0.0003801620731838602,-0.005135467383494885,-0.0002196772044436566,-0.02691848285837376,-0.015822313739971228,-0.010642472030693106,0.00591531087386433,0.01834366257536631,0.004975115145360796,3.5047276035386936e-05,-0.0006920155115662528,-0.01053923219861154,-0.05655020309481877,0.009715296254394682,-0.0014086768465877732,0.009002572726997648,0.012847391461293255,0.028947204931229455,0.020762895035864117,0.018343662575366213,0.005227793729650783,-0.02681840190536348,-0.016744401860626434,0.021989171382311844,-0.0015181966996557618,-0.005186481536165078,-0.012995046933023922,0.03049995266239572,-0.00015003729126888323,0.01475254275968766,-0.004494536396333822,0.05747530548643956,-0.0006473855118544799,3.504727603602345e-05,-9.758088836692281e-05,0.021989171382309637,-0.014470561478557404,0.025995073407194334,0.000708229247278652,0.0914775135391591,0.04711078460101742,0.14504014946120863,0.07105808493945438,0.09150156784989061,0.03450968664342411,0.051242994826839604,0.050019569029679176,-0.010539232198613725,0.026763015016832804,-0.005186481536182738,-0.009948985502013634,0.09147751353916084,0.0050632900883258725,-0.048696801300038034,-0.030149160390090638
11,0.0016536020820046955,0.004536420999483965,0.10399482332463296,-0.011988164128830936,0.001035040949480538,-0.00159566096039278,0.05841632663534023,0.002598924071230295,-0.006235759682642714,-0.000957867493252045,-0.0028654811446601758,0.010217821352680472,-0.0019132946431202856,-0.025625604251658177,0.0017096008207249708,-0.0014208720502368794,-0.004133530477135131,-0.007274495757314544,-0.0009379741746674393,0.00395364585953116,0.003448975110586152,-0.04248120140350057,-0.002865481144343282,0.007784919563045424,-0.00261900717285658,0.0027621846121264086,0.00593580098113221,-0.010465818742804334,0.0007224654050985798,-0.002486116634071651,1.433926825852754e-05,-0.008192248865325711,-0.004295995669436705,0.002538515784245083,0.01047980971749045,-0.022173583606697043,-0.0019132946431330749,0.0027429414148020955,0.005935800981118026,-0.00042393066696865044,0.03171421542515016,-0.029770649285051545,-0.006472430608449702,-0.016783370567598342,0.09523333762981169,0.08939107127467309,0.004483655598234702,0.018515314185803614,0.06441861558028283,-0.014307343765808438,0.0017096008207229255,0.0003485000221726796,0.0007224654050976355,0.0008029159627734554,-0.006472430608448299,0.02212865708709813,0.012319169509956237,-0.005933662136143669,-0.012124776912045472,-0.03462874028154595,0.001171751530010196,0.00037076934813727315,-0.06037277394949958,0.012032218527047962,-0.004133530477044722,-0.0019793568107435494,1.4339268423106094e-05,-0.010138010472729149,0.09523333762977193,0.05099281497800687,-0.012124776912043172,0.021847793438572946,-0.005397546536430579,0.021531193993754034,0.0033378491043194254,0.010699987208021062,0.08049932956915617,0.09165811911956943,-0.0009379741746662568,-0.0026128870997327723,-0.004295995669433044,-0.006780191671350819,0.004483655598231056,0.003355194886201725,0.0011717515300098634,0.0003423916560177587,0.0033378491043210643,0.007695428422324023,0.014599845276485758,0.006984590145763401,-0.009374816844179908,-0.030647014740019157,0.003448975110557641,0.0035466611403731844,0.010479809717477293,-0.0015831448035961882,0.06441861558020431,-0.034538974735873945,-0.060372773949505375,-0.03175963897458878,0.08049932956915012,0.09044063611999882,-0.009374816844183424,0.01596348805865682,0.11594030528636395,0.05048689803231606
12,0.0003261803164850866,0.012564702045661234,0.12643090295872897,-0.0179268022615149,-0.015006923594429915,0.008880268100455805,0.1360023762793746,0.004799686227626225,-0.012260229912404089,0.0038589127070680533,-0.0034756910613940647,-0.0013750115328526754,0.01545726839379563,-0.020113240680601944,0.0018000910671732522,-0.0016512838633532157,0.004094061554812993,0.005514631530730264,0.0070555293184931,0.005749839180796415,0.03167333182048875,-0.02163866729949458,-0.003475691060290959,0.004004468716481903,-0.0037427066687275076,-0.0042091133636354226,0.012699823873997988,-0.01160133106816801,-0.0009264080144704969,-0.002999343786499655,0.009221496132811095,0.01197132124426923,-8.63743195500355e-06,0.0023382561515667565,0.024012628594255705,-0.013412970236941508,0.015457268393782166,0.010352190403828022,0.012699823874004219,0.0016640811093855362,0.030068965331499317,-0.04128509398735459,-0.015809258006943442,-0.019130539268337028,0.07071864855076537,0.0564710037057653,0.0008285798632366978,0.011905144032430042,0.07904193510064621,-0.0027880649831098724,0.001800091067172991,0.0005441432625688918,-0.0009264080144698677,0.0006378666585595033,-0.015809258006941412,0.01641877182609908,0.01766510660011013,-0.00891992250027625,-0.015721702696230362,-0.049559661641221824,0.0008162599408731506,0.00011364405843495407,-0.06580202399231913,0.0047657258554230746,0.004094061554459498,-0.0021056826925987967,0.009221496133056353,0.0006432017735432508,0.07071864855081245,0.030948806480854678,-0.01572170269624359,0.033124932204355376,-0.037715791277989366,0.005434290780800786,0.0034298655849342107,0.006214335272374851,0.05989264680446269,0.07468057733394745,0.0070555293184954996,0.0021594760620085476,-8.637431952504246e-06,-0.004530413401459337,0.000828579863230335,-0.008094179408104245,0.0008162599408736806,0.0002721583103846863,0.0034298655849368436,0.0026359106362378436,0.013158742069323728,0.0036870163573716193,-0.008205543784293773,-0.03596980970489658,0.03167333182052182,0.013965807850684683,0.024012628594263192,0.0022538181755704686,0.07904193510061806,-0.03735337951557109,-0.06580202399231837,-0.03227207975328528,0.05989264680444141,0.04821524719014581,-0.008205543784293239,0.010664594203456126,0.1674128480672484,0.08879317356014944
13,-0.24324666919514637,-0.21259922875662482,-0.05684288279012744,-0.2020955438472775,0.5468498001725702,-0.04570909228156151,0.686284246914445,0.11261829414115461,0.010803950897295961,0.16714566422679197,-0.050364930907624096,0.12432170073681312,-0.11704090166232874,-0.013641944520499058,0.031674038546759264,0.01619811380172115,-0.21451163091943817,-0.018160760530782683,-0.026151748192261667,0.0288041817320384,-0.20094009897874107,-0.05958374765976378,-0.05036493090182921,0.05750113021025416,0.017971744998845976,0.10573311951802762,-0.0405047279461837,-0.007099368285047959,0.01554619332575036,0.006931525174022426,-0.06732034899305797,-0.047854832436155605,0.002004841901131145,0.02064612588039258,-0.08021722947555524,-0.010242821437857312,-0.11704090166232375,-0.07278621096775378,-0.04050472794618235,-0.009969319498804466,0.02732461397699679,-0.0005941425823045413,0.07146433704973736,0.030381369387308246,0.020504757997800688,0.053373506857957644,-0.008770305155215995,-0.0026308267481998764,-0.03404926351182251,0.04976043187681536,0.03167403854675919,-0.0008133504433921139,0.015546193325751032,0.0004883490435744632,0.07146433704973466,0.01724129587282899,-0.061062856524875544,0.06541290228809733,0.0566355795918538,0.035289678984886774,0.00026051157815733445,-0.0012453458335943408,0.5737677001701597,-0.045548590619427995,-0.21451163091189696,-0.07379570442166802,-0.06732034899275222,0.018775151307775063,0.02050475799782131,0.03347284119819953,0.05663557959194165,-0.33383275132097795,0.01569596438109268,-0.06537128864673483,-0.0037945869772846538,0.010814077613702528,-0.029452869772995792,0.0451288270649759,-0.02615174819225996,-0.021721485639625508,0.0020048419011324033,0.009751119989643594,-0.008770305155208118,-0.031455117250153763,0.0002605115781569852,0.00043570042861356263,-0.0037945869772866157,-0.009126707036628342,0.032806075752825244,0.007759488748307139,-0.004655438997257174,-0.008956255467023645,-0.2009400989787615,-0.11437872638476294,-0.08021722947556398,-0.01811650031603289,-0.03404926351181064,0.04390086607196324,0.5737677001701381,0.28074496117978326,-0.029452869773027482,0.056061464530501315,-0.004655438997249158,0.00560946255642728,-0.256737482871731,-0.05648232572613168
14,-0.0888313362152755,-0.01684392420065041,-0.004756736790678589,0.6804442686823202,-0.06701163163840476,0.0028960576762769924,-0.060986116830093605,0.0013211465238966926,-0.02480338807582985,0.023296317447599278,0.009021508101355097,0.005425310875784725,0.004282427951498806,0.0064039402773358066,-0.0021577677299628017,0.000446429976875753,-0.0010405637907001703,-0.0004219627548068543,0.0005072452318412308,0.0014457566824496954,0.0030248190006643295,0.01152928309762827,0.009021508100033212,0.029235711454482508,0.0002215344355997402,-0.01166574594410107,0.0023255198156923334,0.0018387964505274825,0.000942025618365644,0.0017364092051213665,-0.002441657751363683,-0.0023243685776479046,0.00022810353772103928,2.8077534910661376e-06,0.0031865604661747452,0.006591845830720682,0.004282427951491203,0.0007207049794032737,0.0023255198156973784,0.0009954775334528989,-0.0001622030702032397,-0.003750830349145006,0.012382474126016322,0.013142682254744688,-0.002208523021411625,-0.013164146050232443,0.0023821598596923954,-0.002761713678261903,0.0024995374217967577,0.0049372880557887406,-0.002157767729966737,-2.5094608007517303e-05,0.0009420256183669647,-8.499377806564456e-05,0.01238247412601555,-0.00157643242370446,0.379720476800993,-0.15052069421887312,0.026504946952274854,0.0409308418873438,-0.0002982497393304558,-0.00013469831029418487,0.026434442717038927,0.005646443320583935,-0.0010405637991970276,0.013269175749476754,-0.002441657757662347,-0.005692410372453455,-0.0022085230214003234,-0.01061347300420093,0.02650494695189947,0.027291425775596706,0.0443486492653336,0.007994577247549798,-0.0016514448195534995,-0.002477236499676153,0.01591083566357113,-0.0013364132797270803,0.0005072452318361279,-0.0013047587740749162,0.00022810353771268206,-0.00044722145879384713,0.0023821598596824234,-0.00272226982037965,-0.00029824973933027473,-5.2519308388401455e-05,-0.001651444819553871,-0.0051627034837506,0.00046681719800353334,-0.002231399429593015,0.006133746095500642,0.003386227282172733,0.003024819000725322,0.000132670810158723,0.0031865604662105365,0.0016619673803664,0.002499537421789448,0.0011439344453882038,0.02643444271698224,0.03669122192346714,0.01591083566358599,-0.002145831630487167,0.006133746095498764,-0.0014314425094314378,-0.00336982047789533,0.004032046361326056
15,0.30272339373624163,0.3844766882140316,-0.04479707020419769,-0.28165174756013567,0.9560120486444154,-0.06908521283986588,0.06895987589225712,0.07339506762635938,-0.1881377912319179,-0.40086709824820294,0.07261797503225034,-0.4183098531431501,-0.00864891797636332,-0.01926304582904423,0.007222742245871012,0.0034837715131090033,0.3902099513189621,-0.45206507993974504,-0.06453227241926908,0.030382593355539247,0.009914182198043586,-0.03716874438410356,0.07261797501388567,-0.07571447547674671,-0.09565960023366508,-0.11891511854987939,-0.00763046928118708,-0.004423943664231012,-0.007596880425418523,-0.004937772751162832,-0.06579194226231928,0.04440807209456054,-0.05599431568694169,0.03200126346348579,-0.004116138424053889,-0.014274748921541498,-0.008648917976373016,-0.0016991754014682799,-0.007630469281194958,-0.01113101680912308,0.027547929811643678,-0.0147485343117739,-0.06643148015620104,-0.034339608736377,-0.003314591772607276,0.04689771384469662,0.02047084833345081,0.03430871815648921,0.019150583558270397,0.012857872316492824,0.007222742245866989,0.00015639968119977976,-0.007596880425417493,0.0004903135266147676,-0.0664314801562012,0.009994694068951416,0.1044203059067156,-0.0008747881275774934,-0.06004113635894708,-0.08516502359387673,0.0011036947513845593,0.00025185895058795713,0.02730815716539117,-0.09946201031231171,0.3902099513004862,0.1662131017110199,-0.06579194224801564,-0.031083826510612724,-0.0033145917726051647,0.04759014273971195,-0.06004113635901644,-0.20030922652516936,-0.28487650550811583,0.018458715807531063,-0.04073502388930683,0.05489318737746403,-0.17128995734278396,0.03583610136724953,-0.0645322724192824,-0.058106387966665216,-0.05599431568694652,-0.04432400974039566,0.02047084833345243,0.007268047323776698,0.001103694751384088,0.00030902840873378205,-0.04073502388930394,-0.015342452927263864,0.061180670934532104,0.056018531001382786,0.005855872896045382,-0.017045466918548642,0.009914182198101943,0.016123845590601177,-0.004116138424005075,-0.011929680303591147,0.019150583558270384,-0.00969576399818104,0.027308157165393237,0.08050081845477378,-0.17128995734278932,-0.012800852508587842,0.0058558728960686575,0.031932602389047535,-0.07101788757361237,0.0529841106964891
16,0.3120057545441105,-0.5933169259808705,0.057751881409291106,-0.04259587773113511,-0.3052160662801331,0.13192460742289924,0.19881096889511424,-0.07159675274257966,0.7248294965186796,0.7064749375932996,-0.1953560324111383,0.7231314495408555,0.03188169453045058,-0.0054032426646793575,0.010597168963657049,0.003096071536028074,-0.6490275855166837,0.9563779848144213,0.13230998388013315,-0.05828995508494751,0.010567657795879147,0.012215568219786916,-0.1953560323756018,-0.09401583421429352,0.13955353143168142,0.24353655946180813,0.03003328450352058,-0.013711970761857891,-0.0003765285405872539,-0.003290971640351129,0.1767974973200742,-0.0642828536844757,0.10351567335274944,-0.05907613890728217,0.03020442087949702,-8.723588078124018e-05,0.031881694530452705,0.022908270856947917,0.030033284503524046,0.0203204911976745,0.0045465434762385175,-0.030039212558592848,-0.027101533177810812,-0.03184354684493451,0.04785744934811552,0.04207076244322424,-0.04773692458385804,-0.03446228303259101,0.014435101275418622,-0.01156373621405352,0.01059716896366141,0.00016790192676950953,-0.0003765285405893394,0.00035297967501463057,-0.027101533177809774,0.009603196769197643,0.022856642332950487,0.05093609169784098,0.3677263068277818,-0.0997221908800555,-0.00020615544050260563,-0.00016173483844866154,-0.0015578842093387046,-0.03153704426694802,-0.6490275855082557,-0.33592149126135157,0.17679749731134028,0.08602628233083406,0.04785744934811264,-0.0024103070046844464,0.3677263068278047,0.14718898854985213,0.23897132588976291,-0.19001067259200705,0.07607930461245702,-0.08888956859484855,-0.0030540820898976077,0.02718838583821669,0.13230998388013007,0.1197796195120834,0.10351567335275226,0.07828662626154383,-0.04773692458385897,-0.015285712702330154,-0.0002061554405025772,0.00021210464875582463,0.07607930461245736,0.03481942548446583,-0.10221253343198748,-0.09085668592632247,-0.0388572629780107,-0.014411347789166374,0.010567657795928054,-0.0005483218848707213,0.030204420879479728,0.023203150260561953,0.014435101275438636,-0.020282182846182967,-0.001557884209302365,-0.04581091565942996,-0.0030540820899002275,0.043891805686994516,-0.0388572629780112,-0.034397138250484176,-0.01500012499198107,-0.016242503598904178
17,-0.02503598061515129,-0.00538008318189636,0.14845548345877543,-0.059248097265704056,0.09170400378901787,-0.0026210017207991695,0.7104369767808545,-0.0021001966302181463,-0.022697122982149105,0.02924978504696493,-0.010630435174799446,0.0012186113774284497,-0.00639223471378766,-0.004516242324985009,0.013893254693177861,0.0024884141128038773,-0.02125351970730789,0.00757635964203966,-0.006732757255896347,0.00016524829653495726,0.006639943191922385,-0.007824453635425511,-0.010630435171214323,0.01140614687086167,-0.0037138564718220877,0.0025955409326579716,-0.004830479198981719,0.003124714588240328,0.005984444047033918,0.0005969248370071695,-0.0009206742266336276,0.027608649799927134,-0.0014543073514063699,0.0008774977260084691,-0.0028546601447262125,-0.009836315118667179,-0.006392234713772606,-0.006168382561202739,-0.004830479198954289,-0.0008658686361739436,-0.01350198484565052,0.017448934155714604,0.029030730719850174,0.0020346884690195396,-0.02457193466436878,-0.019237216399117983,0.006370218394789532,-0.0007595911282685063,0.004331376853433612,-0.03344898143917556,0.013893254693180904,0.0003202500706987203,0.005984444047036173,-0.00017201801606411566,0.029030730719850358,-0.009134546205055707,0.06366456573963068,-0.020405124961947414,-0.04036590325681372,-0.04086874131701209,0.0005261686435402746,0.00045306251954349715,0.15810319961422847,0.04348334360815409,-0.02125351970823979,-0.010451913798279507,-0.0009206742256974111,0.017202895104534415,-0.024571934664387753,0.00603551266561075,-0.040365903256806626,-0.03037503984187226,-0.05038871660235933,-0.0325958881843122,0.010099842398653578,0.004029305600393673,0.042546996102997114,-0.03847078353522709,-0.0067327572558687375,-0.005616269028359516,-0.0014543073514027218,-0.0006930197306925669,0.006370218394759813,0.011280375304010899,0.0005261686435405353,-0.00011010194337101125,0.01009984239865483,0.017589500824623162,0.0011392567820710563,-0.0014893208656901963,-0.0001367151002922446,-0.0012198326288768051,0.006639943191919827,-0.006646683246146936,-0.002854660144731632,-0.0027944212392784595,0.004331376853454026,-0.012913148690135275,0.1581031996142339,0.01946566224527386,0.042546996103079784,-0.05687195347940382,-0.00013671510027206768,-0.0026236665850819553,0.1781196770500619,-0.001882551580834309
18,-2.3028209015853918,-0.9750363375472304,0.19243484681898765,-3.437521272639422,-7.416837516540784,0.272445573378607,-0.5131188894934142,6.694972684399738,-0.3364141893442971,0.9284693309248202,-0.0024355412621645737,1.10857729691762,0.11049293308980165,0.17318417977604425,-0.08061430394176707,-0.045168408860186866,-1.1471835946051245,0.8414455279475679,0.22209672115169146,-0.12344351397969895,0.08131052674150963,0.2919686493033467,-0.002435541311299798,0.6167275719767767,0.3925236507524526,0.28915737658165147,0.029058562728016397,0.0960953635447429,0.04820582296748259,0.04029802462802958,0.07629984588116927,-0.04974943794555844,0.1857617011706758,-0.11095751806913451,0.004210168526118789,0.1325711265529839,0.11049293308979294,0.04739357682115408,0.02905856272794521,0.04888716765801099,-0.2067036903047217,0.400289977257932,0.5228650556133962,0.3095448237611354,-0.2868734535920403,-0.6021923768534114,-0.04630844974351298,-0.13222767856841233,-0.2973888511168138,0.09401952291967279,-0.0806143039417472,-0.0014140747399584638,0.04820582296747462,-0.006247921795221827,0.5228650556133931,-0.1668502979875625,-4.280906581422582,0.27525134437196,-3.0501153958404683,0.5763693669600972,-0.005013414560451867,-0.00010659630764177312,-0.3604142735532064,0.8078117701654215,-1.147183594467752,-0.5433732842309649,0.07629984582427875,0.07610478892922484,-0.28687345359212485,-0.32461555432411837,-3.050115395840105,-1.792432073049518,1.1423351344871862,0.35953153354259293,0.14648393922642758,-0.17805894173864445,1.155350459197886,-0.6280168864682836,0.22209672115169996,0.2137845796627809,0.18576170117068314,0.14787508941165348,-0.04630844974342778,0.01995605556943403,-0.005013414560452322,-0.003413959933059722,0.14648393922639913,0.06392972414830816,-0.23897860342931082,-0.15328142692746552,0.02984167444259396,0.1841202191606099,0.08131052674123859,0.016848346665467192,0.004210168526000306,0.054096551214325356,-0.29738885111677477,0.3367444426480555,-0.3604142735531392,-0.9530928882297293,1.155350459197865,-0.3034273146953417,0.029841674442611384,-0.13362387241550597,0.3940012907463961,-0.3504472503201691
19,0.006579794826985431,0.013335405257195848,0.13389147292862066,-0.004709956318155936,0.007954060554796983,0.019269597283808542,0.1572200629729805,0.00019553126398895148,-0.010517868616331067,-0.0014441774164855722,-0.0008085060257830025,0.003708034974671111,0.03984749389507735,-0.002383366529609485,0.0014424501764520666,-0.0006900708308921787,-0.004981808916627828,-0.013806722837582676,0.012568093388204863,0.0026369321569487125,0.05911344638435086,0.004366248549733971,-0.0008085060255213918,0.005970249378447805,-0.001388001352944757,0.003884069504412481,0.02228647534675279,-0.004611151376510151,0.001980813651213236,-0.0004930593676711068,-0.0040881605712486824,-0.0075512326966071545,-0.0012425803309957487,-0.00174878062431769,0.036136244159266674,0.0005129376283275484,0.03984749389508512,0.025268334992396578,0.02228647534676341,0.0048034511191015015,0.02348176604235012,-0.02787917877669685,0.008015919972403496,-0.0031492793511389673,0.06770971433767792,0.03584808924397756,-0.0006197181345844846,-0.0012993496666550098,0.05478709603790819,-0.008171222070336598,0.0014424501764530844,0.0003958491745672851,0.0019808136512115874,0.0003943535726498266,0.008015919972404494,0.010878516666003537,0.009772961384482375,-0.005669077110396075,-0.009686797857207023,-0.003988573545136757,0.00028695775301889703,-0.00023235805884519957,-0.017021646977241726,0.020766595151275647,-0.004981808916461245,-0.009624062758132192,-0.004088160571254787,-0.004032087605691746,0.06770971433762638,0.014317827018409286,-0.009686797857195126,0.00886809118736924,0.011753639517779175,0.004749996219273366,-0.005425414391032934,-0.005202102062274921,0.09860621529642094,0.053013377926779286,0.012568093388217667,0.004926551288895086,-0.0012425803309992164,-0.006850079932650753,-0.0006197181345874133,-0.01577627014831745,0.00028695775301892934,0.00015426167661204262,-0.005425414391032811,-0.014377099781224131,0.0023051497384837883,-0.002464268429826187,0.001494461832277421,-0.022416000562946906,0.05911344638433555,0.03455427506238855,0.03613624415929195,0.008547349712749522,0.05478709603798329,-0.023434159769620426,-0.017021646977244165,-0.016119798671545994,0.09860621529644949,0.05191740561669721,0.001494461832290952,-0.0002567038725977082,0.11166968836948318,0.02904921647537333
20,-0.8344097291763363,-0.6982987919527266,-0.46184844223601307,-0.6573436036963713,2.8310094452682533,0.017316804916226072,0.4063493112944563,-0.08919403458275417,-0.05479789021540541,0.6155817310633629,-0.18893709733398387,0.24088107999140496,0.07847027976254671,-0.007449143408744509,0.06639461490890501,0.05094641099152591,-0.6284704367351548,0.07342566001584076,-0.012079368155733256,0.14286625083247653,0.03006827357236856,0.13529191678420036,-0.1889370972931762,0.15492742475304364,0.018721678407836825,0.2686790745893381,0.12487278363142343,-0.06569794927206139,-0.056854222395667835,-0.021668442758298424,-0.09033455151385247,0.20943045068050972,0.0026681143403879623,0.09383470194329284,0.1320394776045674,0.1270301789372285,0.07847027976252939,-0.018368831235406818,0.1248727836314104,0.006317542373686282,0.49542936883585764,-0.3935849561597226,-0.5093328843247602,-0.17495313151834055,0.17276193282072155,0.4755485554103908,-0.012203999031329465,0.07829373866626987,0.3664890100052848,0.4450007782794861,0.06639461490890526,0.0013988377810405543,-0.05685422239566146,0.0050719957495606646,-0.5093328843247538,0.10443653711674024,-0.010262349463454862,0.3794607404998073,0.95308000416177,-0.5580135106536617,0.0057586258446046595,-0.005926392639998306,1.000398876491114,-1.2004236283633283,-0.6284704367179641,-0.2640062281260773,-0.09033455150870594,0.21194968043216472,0.17276193282078775,0.30626828670683204,0.9530800041616612,-0.758520077019055,-1.176856593331676,-0.2798428119217966,-0.025892371121363784,0.08723259142369084,-1.4266825103448038,0.3727874837608425,-0.012079368155787884,-0.07586991560351453,0.00266811434039848,-0.00942808212206813,-0.012203999031310857,-0.25074823747553276,0.0057586258446052545,0.004137601974818947,-0.025892371121348536,-0.07991008881646125,0.21456788386524508,0.09062191908792414,0.03453138273850085,-0.25533973708573626,0.030068273572409845,-0.037463059127753995,0.1320394776045715,0.025987383192936666,0.3664890100053526,0.009044493941778552,1.0003988764911742,1.2076104861622128,-1.4266825103449572,0.04562850078772023,0.03453138273852285,0.10267655101490375,-1.3762188666469861,0.5013055683001777
21,-1.518394000301515,-0.8263175565171569,0.01618265395643163,-2.043021964172947,-1.5604600400998985,0.16265427445057024,-0.9457444386341733,3.263173794366978,-0.21721268400447355,0.8174946864942089,-0.1565367181336416,0.6309072637466225,0.08521250376966845,-0.009881795531913028,-0.024325408605712764,-0.033181667787066826,-0.9237286622682016,0.5551511652595623,0.12891646558864223,-0.02496077146189809,0.1146721689719678,0.018431756586600886,-0.15653671809887093,0.3351651236284454,0.18546271959380392,0.2907010308079338,0.06793132124887165,-0.018944006201470794,-0.050114295902944465,-0.04554580372762696,0.07600073221833319,0.28657230461068234,0.0980918622963822,-0.04228898580115229,0.09785087991443736,-0.00811766574572892,0.08521250376965543,0.04313243026821397,0.06793132124884294,0.028356312961623244,0.04319912049585632,-0.13322807211964732,-0.3893003714716301,-0.30937041591869907,0.08579572851292616,0.10977353695256166,-0.012811466340973566,-0.042204025012034914,0.15790023426282424,-0.12729403096776093,-0.024325408605702568,0.0015397988383465907,-0.05011429590293907,0.001292795542427271,-0.38930037147160773,0.02697635974893964,-1.7706686031795509,0.07118893143583765,0.24555583014358162,-0.8575987343596682,0.0006953180426901865,-0.00027299172921185777,-1.5342007116833243,-0.09988917270470224,-0.9237286622050271,-0.48468377064063084,0.07600073219681273,0.24532960832376347,0.08579572851294766,0.04130704170726598,0.24555583014335378,0.7745101363566678,-0.9735923631341133,0.05515772488523349,0.09087952830742801,-0.0786213816737491,-0.2534660151569223,0.12124988187332561,0.1289164655886199,0.0906430584076728,0.09809186229639734,0.06194508988042515,-0.012811466340955466,-0.031343145049122424,0.0006953180426896846,0.0006137363591847951,0.09087952830744157,0.04040748754216455,-0.05880505227874058,-0.10297359489394518,-0.004040258933274456,-0.058671283445760926,0.11467216897187427,0.02910774963867995,0.09785087991436373,0.03323830562566984,0.15790023426287314,-0.1588437915012918,-1.5342007116833383,-1.0851137398024302,-0.25346601515682626,0.015355305829623266,-0.004040258933260357,-0.03494274554291136,0.3993578894409936,0.05252567144916894
22,0.0007376024350023263,-0.0038983863794003377,0.034463212238523666,-0.005902765912899186,-0.002285807000349989,0.015980366395965496,-0.00011525829800826254,-0.0012044502006664324,-0.001643476917606969,-0.0007745713275074208,-0.001653268642526568,0.0060995973132801275,0.013371872230094737,0.008362371261255566,-0.0002678662196651046,-0.0001367476196393491,0.00052127644329241,0.0015924618371848606,-0.01028887531652043,0.003841511772002935,0.011332636408753581,-0.005800608200129317,-0.0016532686422991978,0.0045479419101335785,-0.00171820760057126,-0.0005354054963161387,0.022858491027061553,0.02347115454251208,-0.0023989049337037518,-0.0013136837675058227,0.003087418771278078,0.0025072620946351124,-0.006167332097899042,0.005210036991515851,0.016375478431195373,0.00714615799311323,0.01337187223009728,0.003136267744769531,0.02285849102706292,0.005552174697085332,0.07546207912365337,0.07134569591175079,-0.01889066522346731,-0.007400908817140887,0.06998224262679054,0.1006589680187481,0.04347546920692424,0.03353563528513882,0.03961879739209718,0.025767951782112473,-0.0002678662196644977,0.0001631421664342592,-0.0023989049337049236,0.0004926962770769666,-0.01889066522346664,0.004301880530155183,0.005094003152140772,-0.00040878177270596225,0.0031776626345641143,-0.024593815031310053,0.0025389154856285748,0.0010226082898601733,-0.011463365434995933,-0.029315721797436523,0.000521276443284992,0.004385420452862548,0.0030874187714783354,-0.005335586831795971,0.06998224262681679,0.10540928221749452,0.0031776626345669926,0.011811744461532065,-0.02236642584919474,0.01717211629871137,0.022866146813137776,0.02307313215570835,0.0005446254929688725,0.03955264784525228,-0.010288875316525082,-0.01476083161278574,-0.006167332097902433,-0.010818873601357677,0.04347546920691465,0.04096180264886161,0.0025389154856282907,0.0002196084622150496,0.022866146813137422,0.028698965846807912,0.024956995138118217,0.017383173948293848,0.03312056518461039,0.014838046053223418,0.011332636408738741,0.004840329363046967,0.016375478431199627,0.0044745209097074665,0.03961879739209381,0.04931546741029469,-0.011463365435001972,0.010983296668235203,0.0005446254929926164,0.05629414560659476,0.033120565184600145,0.029899911419844213,-0.020880772842657436,-0.003703416063053079
23,0.022777294334731964,-0.03914801511308093,0.06572794433442486,0.045252172941196364,0.0755127214397191,-0.08548465397670103,0.07128053746934657,-0.0045454767055823336,0.030799225603182042,-0.026364141746431882,0.002122425487687129,0.08985537868796947,-0.08530035624726566,-0.0167267551894298,0.004852111126664696,0.0013330657777097452,-0.07052071872518584,-0.1102353839830615,-0.04885519589252942,-0.013614563384594967,-0.11049956028056314,-0.044436679827919184,0.0021224254808816802,0.03131936658770023,0.009617141254825339,0.059589913955482555,-0.058313266529968794,-0.011845006783971396,0.025001441565404542,0.009758064210308597,-0.08666634752058507,-0.1758071463193785,-0.028803789375892088,-0.004769344684576022,-0.06914605748194025,-0.03257373651380154,-0.08530035624727322,-0.04295130413242888,-0.058313266529966046,-0.01876222428333691,-0.07898628328522773,-0.007454331111071272,0.15982907778332273,0.05583339686801027,0.09202795609645885,0.043914888195555585,-0.026581125377027996,-0.017641784431828178,-0.05896060653654534,-0.08907623533796771,0.004852111126664459,-0.0008125197940798032,0.025001441565401152,6.614968224856169e-05,0.15982907778332023,0.019925398775999668,-0.023821130759634573,0.000809464932055619,-0.015469379731348197,0.21868440155943789,-0.0016657740142720257,0.00027179271309367046,0.11972659262301966,0.19800784264348387,-0.07052071872180604,-0.00825429698728311,-0.0866663475216304,-0.07466306249122673,0.09202795609649353,-0.04373956144777074,-0.015469379731347856,-0.0996823836037718,0.360490491850365,0.08774277347408864,-0.036645344482037295,-0.004906562674596776,0.36608058324519194,0.06014730373919766,-0.04885519589251659,-0.025523282634155486,-0.028803789375893653,-0.00805015202837555,-0.026581125377021037,0.011475667647248947,-0.0016657740142718544,-0.00019378792761379546,-0.03664534448204263,-0.01017941711502694,-0.026093554713477393,-0.0034339171724092074,-0.032705075552288486,0.022283030413398765,-0.11049956028060086,-0.05338273846412344,-0.06914605748194617,-0.024799633320575394,-0.05896060653659276,-0.04125283328963333,0.1197265926230283,-0.04475110978954025,0.36608058324520304,0.2113252356178411,-0.03270507555228973,-0.021045572573481552,0.06447827095774493,-0.13638757927287576
24,0.002954469308412332,-0.013901509508019256,0.11962981980999808,0.0023191828673588353,0.02413660857634023,-0.07880377120591568,0.16311091907074438,0.01765208828102506,0.015805376301588743,-0.009694235912452017,-0.003531781070219374,0.05394854320796468,-0.12213556166031113,-0.06916510911732077,0.008940910263377259,-0.0015742341778932378,-0.043832110905006,-0.06390727903425104,-0.02583864554563206,-0.013302535915462281,-0.16019097502320112,-0.15155954316309944,-0.0035317810732253155,0.01970618359232398,0.0029052704994099246,0.03647067075697856,-0.07103747148345972,-0.03734284415918387,0.020722048653327215,0.0029223358172293635,-0.044722131286563285,-0.10205577986507332,-0.016082019160135422,-0.009422030314875946,-0.08473480686728042,-0.08603153726763946,-0.12213556166031073,-0.04829988903218505,-0.07103747148346112,-0.0190149638692763,-0.09638200205462966,-0.06712748023002256,0.1180254604965746,0.01124331275460725,0.10300286483090343,0.042971937263467534,-0.03477145426086537,-0.007062813642486417,-0.02038611869026473,-0.11931613689522348,0.008940910263379677,-0.0004934693174344517,0.02072204865332496,0.0006040106316894185,0.11802546049657359,0.037886128169556804,0.00221093996889571,-0.015036745014700533,-0.0678677502636772,0.07373976834750773,-0.001465727281531805,0.0004157474805784711,0.001108085240575835,0.21129491903440412,-0.043832110903369984,-0.009239408297996804,-0.044722131287066695,-0.04501497834607721,0.10300286483094727,-0.03935003628631148,-0.06786775026364976,-0.042556591969504697,0.2112231237160955,0.045560933891816056,-0.02813258579021448,-0.011538474137012778,0.3413059166799442,0.12610811164707803,-0.025838645545614665,-0.00365314939228359,-0.016082019160138853,-0.0028302450113124188,-0.03477145426086943,0.01230487112329094,-0.0014657272815317881,4.650923556510287e-06,-0.028132585790214888,-0.009016700280817708,-0.02273368403358508,-0.01761237488431934,-0.061946641439057704,-0.01821249952334513,-0.16019097502324975,-0.07084615063164859,-0.08473480686727088,-0.02987763523228567,-0.020386118690203892,-0.10510288959105069,0.0011080852405759242,-0.12224978365123142,0.3413059166799877,0.18481918650260745,-0.0619466414390664,-0.009341807346594748,0.23690484056274003,-0.04580361817320473
25,-1.254983962573142,-0.7680623400006108,-0.14665492572408276,-1.4748005933302017,-0.47926527309788847,0.11688649784592767,-0.614730435759252,2.2426055357151595,-0.13993018698734455,0.7044066181035482,-0.14010406865141853,0.5281921447943677,0.12195255464132407,0.044033323250869866,-0.00521990061585294,0.0012847500250951218,-0.820875039653846,0.3305324180459683,0.06960898495034816,0.021844540569097775,0.1389546490314072,0.1558736265372541,-0.1401040686325717,0.2859729258548231,0.14313808171649448,0.2966831463904849,0.08884288258709762,-0.004594319574778215,-0.03273312658352626,-0.013959640667845422,-0.032061193611120364,0.14995400593123498,0.05642802110731828,-0.00020340804932819986,0.11395692289751465,0.08432594717378739,0.12195255464131241,0.03599686161987987,0.08884288258709092,0.02339369310092496,0.14771677819223955,-0.12401444412467133,-0.23515815607187818,-0.09586641822815109,0.017531097278868767,0.05965251421051572,-0.0007517940380893395,-0.014707854112217386,0.15512160866208693,0.11929657605287852,-0.005219900615846718,0.0010357763392223947,-0.032733126583523585,0.0008172803055029336,-0.2351581560718647,0.007621795500798595,-1.4532255080860492,0.2643457471054436,0.2847545237153716,-0.28988349446484335,0.0007670453040164713,-0.0019243250255904375,-0.29145093741006606,-0.32961347247379025,-0.8208750396015457,-0.39890653591018727,-0.03206119362705934,0.19415013350012286,0.017531097278883825,0.036477111449607774,0.2847545237153371,-0.13916501822852587,-0.5627891594254679,-0.06780757753105586,0.043781244582694036,-0.02568549284683523,-0.4211038450580165,0.05151799339055656,0.06960898495032274,0.02626782889413959,0.05642802110732849,0.032529396649838935,-0.000751794038054752,-0.08788189206738878,0.0007670453040172115,0.0007915673019740934,0.04378124458270045,-0.004976375835939341,0.016148156359701765,-0.031943009236553174,0.03704550337818146,-0.06930306395825406,0.13895464903130617,0.03284614743784696,0.11395692289747258,0.03703712178607062,0.15512160866206862,-0.013476210929309396,-0.29145093741012046,-0.02281381252586601,-0.4211038450579969,-0.061569053979588735,0.03704550337817168,-0.0040231797646625034,-0.22449408143321734,0.18497632159418043
26,-0.3643300116321704,-0.3640402806922553,-0.21338327055607686,-0.21935913717774697,1.541278805266938,-0.05297840981278064,0.43783689631765765,-0.12657394522138382,0.015951288454467635,0.28081244181684356,-0.09489088009779599,0.1625499662192821,-0.049932030215203003,-0.00309597918897925,0.04232826608918998,0.029646617811665263,-0.34936438083362387,-0.0533112461696446,-0.037605577083974384,0.06298813130989014,-0.11782338244646476,0.0311119295035639,-0.09489088008197759,0.07825507389938316,0.013195513699843607,0.17945282143927505,0.002858515661710644,-0.037847623128169035,-0.0027601106622337115,0.0006539937651751591,-0.11108810546452604,-0.027258166634624586,-0.011793582099798184,0.04373402761530406,-0.009746623296112499,0.04482976635945819,-0.04993203021520736,-0.05278733474916682,0.0028585156617088694,-0.010058976356808096,0.13875166934788494,-0.21951121116533795,-0.08540580787770341,-0.02054393984791055,0.0884251181490648,0.16376885477023903,-0.014223096173546917,0.021832343436457655,0.09413482008165475,0.15891771963957005,0.04232826608919171,-0.00032097405336428973,-0.002760110662232626,0.0019798617548365204,-0.0854058078777037,0.05758457182032386,0.02997841076011939,0.16991360545527415,0.4780072691550553,-0.07143731614286006,-0.0006823535713695447,-0.00303280454351731,0.7615773432800823,-0.41182613751366876,-0.3493643808248254,-0.13323312731444514,-0.11108810546266355,0.06100751025333836,0.0884251181490792,0.041385059139283496,0.47800726915507924,-0.44501752677228024,-0.2701801090865912,-0.12901603936572076,-0.04153034708282485,0.03373818222358498,-0.4116412450710128,0.20301865635900232,-0.03760557708398583,-0.05352742315018039,-0.011793582099794727,-0.0040978023132566075,-0.014223096173537418,-0.10000853222429243,-0.0006823535713689022,0.0015544657484286135,-0.04153034708282249,-0.060439981837398946,0.08808924871725812,0.032360348171300415,0.012006572699411454,-0.06851024499865499,-0.11782338244648578,-0.08131588710284021,-0.00974662329612735,-0.006300152758545657,0.09413482008169265,-0.027806757134536987,0.7615773432801127,0.6310227535934174,-0.41164124507105354,0.121471445259979,0.01200657269944598,0.0374535651807378,-0.6767173660988315,0.13092882477419007
27,-0.3081042230723177,0.04420825141776849,0.3097031767498683,0.04316292025239022,-3.177736482746258,0.0631732766166265,-0.6157414571032666,1.8242732717791672,-0.0904584584096162,-0.0048520847270256,0.08150458969250253,0.1904513246915765,-0.02075219241653125,0.03265165508128075,-0.0597121903128693,-0.04615204705838444,-0.03377855686441022,0.2003749959617599,0.06710832287911528,-0.11038756796575473,0.003731631649681379,-0.031522091389651216,0.0815045896828664,0.11394382481120827,0.09287591472716138,-0.0484688139295646,-0.061419514433607755,0.04926564438698828,0.032774279930325494,0.009482891784886158,0.06943174365544262,-0.08584091458893348,0.04811917241825552,-0.08432332438623137,-0.062365517068471044,-0.057748783965729085,-0.020752192416546727,0.022312099049437626,-0.061419514433575975,0.009320074209838507,-0.33744177836505146,0.24745746936862187,0.3180465399486268,0.08839826069581491,-0.11593005264906688,-0.36344403631588407,0.00043028454323473103,-0.08417637813468011,-0.2302629048226343,-0.30100975401640057,-0.05971219031286068,-0.0008316671063663411,0.03277427993032278,-0.003732942854216335,0.31804653994862664,-0.07812839159713471,-0.7153316711951841,-0.2917044121902605,-0.9952026029589277,0.25840532504236474,-0.005025402271206834,0.003417245393639962,-1.0058297036506219,0.8518207583240375,-0.0337785568447419,-0.030681903530994786,0.06943174365168765,-0.06781470517493977,-0.11593005264907152,-0.25056372641069147,-0.9952026029589353,0.26742087705872863,0.7086831879099849,0.24866381239196206,0.054289666470603744,-0.10331895488862919,1.0345521916648415,-0.26863782944461456,0.06710832287916123,0.0949818220081252,0.0481191724182455,0.042043609141049335,0.0004302845432227456,0.15079364009432805,-0.005025402271208072,-0.002968353868997406,0.054289666470593044,0.06018391576191482,-0.18207535047281115,-0.1102083959817085,-0.011118024528363102,0.18036648439467892,0.0037316316496304827,0.0220148914865792,-0.06236551706848062,-0.0010616093926822242,-0.23026290482271697,-0.011540866157300978,-1.0058297036505917,-1.1229532819304873,1.0345521916649747,-0.03874079451251862,-0.011118024528401294,-0.09504875641015387,0.9989498005055452,-0.3503495518824396
28,0.004370513987345741,-0.0009242507927415984,0.11677550695392529,-0.006371729403743961,0.013204404063376885,-0.003930588625314144,0.005404264645427249,-0.0010544047209784775,-0.005821350250518073,-0.0017894949510832365,-0.0028603774449973826,0.016489884366637137,0.030148504774998995,-0.0033142648941906594,-0.00016539337032656272,-0.0014069789345975828,-0.008789542334370402,-0.01594446308558377,-0.00839884854602524,0.004404253327486179,0.05134473497672426,0.008358155441551822,-0.002860377445186008,0.010596359612239882,-0.0023830574423883036,0.009191096053321352,0.016711551282324436,-0.008433182398686876,0.0005652666512474748,-0.0021744223112543245,-0.007741269845443517,-0.02114559237621051,-0.013442122379204623,0.0020637961423336407,0.034457301496029005,0.0015268084149921443,0.030148504775012953,0.015906296415175467,0.01671155128230517,0.0005393174395435618,0.027290431796763708,-0.07430137622930791,-0.008381041018334489,-0.016184299751030924,0.10146028525941338,0.07193418058150265,0.010650939700079035,0.015003255787657493,0.07850027572357207,-0.025535129929627993,-0.00016539337032591222,0.00042987609673438975,0.00056526665124565,0.0007270284994895012,-0.008381041018332865,0.02277958416102368,0.006420656446826543,-0.0013666131245084804,-9.05818252716087e-05,-0.015972416501377,-0.00011383751022162847,-2.055930419029732e-05,-0.08198535149702176,0.001023274199565092,-0.008789542333969325,-0.001556362689383611,-0.00774126984531715,-0.01112057251504748,0.10146028525940103,0.013829247587827349,-9.058182527864133e-05,0.013768452172764926,0.01295039132805828,0.029288318545655265,-0.014656078827927403,0.006543381153773002,0.1000802624861499,0.10203439705359398,-0.008398848546012663,-0.014358504530261934,-0.01344212237920302,-0.014217121152357464,0.010650939700088614,-0.0019207118406850833,-0.00011383751022146882,0.00030180239287795336,-0.014656078827926316,-0.0150496306281555,0.014361551189489882,0.006916023179254008,0.010269483020248802,-0.01495033430467279,0.05134473497673279,0.02534880180027942,0.03445730149604115,0.003977124302273527,0.0785002757235546,-0.06244071453280947,-0.08198535149702237,-0.033455770324243204,0.10008026248622667,0.10649078473393092,0.010269483020254436,0.01582485844631388,0.11004293857335007,0.04359024485001936
29,0.02502659947363396,0.01235959346043574,0.13765694160281033,-0.007467027765792485,0.023680772197815315,-0.04034761956378399,0.032986686675360574,-5.727683415701202e-05,-0.015967545107883948,-0.025357141283932856,0.005167873590696111,0.027709574201023202,0.026232123715453436,-0.02067376957286166,-5.424142692347093e-08,-0.0015696274151420528,-0.019154970885174396,-0.05180138683461985,-0.022881685583155148,-0.009561127153606139,0.06291049096114326,-0.0026693340800759166,0.005167873589389553,0.02384894559375183,-0.0010952957766030159,0.015284760883505511,0.0010352683460920062,-0.023431334819600646,0.0042959726928888595,-0.0008472984178103262,-0.029198248888958854,-0.049356485837690055,-0.029009676562243028,-0.004180749148657113,0.025602536943904672,-0.013277903231379585,0.026232123715420604,0.01886906524774261,0.0010352683460888015,-0.008436177885719315,0.0001723039671023465,-0.08459286369460564,0.015183433614640824,-0.00882320809332683,0.10760969701714673,0.07414749277976289,-0.022595784058286775,0.00902300180169478,0.0611741564184465,-0.03851776899191767,-5.424143060746616e-08,0.0003699975823929675,0.0042959726928875515,0.000747765589444268,0.015183433614641846,0.027537599412361793,0.011307924302475491,-0.005372612369939844,-0.008951888113403894,0.01816694976257537,-0.00038961310030225725,0.00010645373469543118,-0.0778304971824259,0.03101143566778461,-0.019154970884045133,-0.009880928545600867,-0.029198248888947027,-0.02741450257271837,0.10760969701709677,-0.003563058403991036,-0.008951888113406224,0.0005247964990808831,0.06532305445228662,0.060716831936867444,-0.03935673012261717,0.004180274578004785,0.1534212465514717,0.10390464331447348,-0.022881685583157126,-0.016581899277459684,-0.0290096765622487,-0.019367097233795445,-0.022595784058288756,-0.01254621188818509,-0.00038961310030246536,0.0003072149247061107,-0.039356730122617235,-0.02254313316334372,-0.0076231949931185915,0.011836268701185813,-0.028260738159753176,-0.03231625955517644,0.06291049096113745,0.038582199392312916,0.02560253694392296,-0.004226829988147791,0.06117415641838136,-0.07453333963620332,-0.07783049718242696,-0.04867086536065068,0.15342124655156206,0.13520925144417062,-0.02826073815974566,0.003503209553151742,0.11978993762909004,0.03158854880163635
30,0.005844077703193561,-0.005228574487320569,0.10964254060868721,-0.009064138219888858,0.01131306299180441,-0.045903714132115615,0.06544107530083845,0.007121526250530194,0.00017128663939683817,-0.008427036403899702,-0.002307760406168297,0.034266263822642425,-0.04832116000033426,-0.04055774967793101,0.003693634224210479,-0.0018351328578578136,-0.02197486845569191,-0.03362312812146771,-0.02582822278362014,-0.010094492263263543,-0.050145270023262106,-0.07418601662984449,-0.0023077604074434018,0.01733794009661297,-0.0006693422202631627,0.01669724738843322,-0.026550576388857963,-0.018264428309219875,0.007763015619007923,-0.0009091416660502667,-0.021647317727216436,-0.05226321615586655,-0.018233905924310904,-0.005319821665571901,-0.025594422174456656,-0.04525726957935773,-0.048321160000336885,-0.020309352551350586,-0.026550576388866716,-0.0103460297086277,-0.018482040825867112,-0.04760438780500028,0.03459237403079683,-0.010033012718302755,0.10533269152687483,0.0898391054658227,-0.0024823950759014558,0.01736512057385196,0.03786157007102644,-0.0693204183655702,0.0036936342242106994,9.330938728137533e-05,0.007763015619006886,0.0007826590641948917,0.03459237403079775,0.029100708244676737,0.010175677267505406,-0.00873569724920623,-0.027003458522464618,0.007358957647312893,0.00025934829262174146,0.0009677582623411522,-0.06630366696807,0.08219362734135185,-0.021974868454814455,-0.0019979926200743353,-0.021647317727206298,-0.029730066024944633,0.10533269152685192,0.02266610680279115,-0.0270034585224704,0.0015304524166665882,0.08111538688600003,0.049138622116256095,-0.010912488486268586,0.006389261246517016,0.17820865566142544,0.11046015752839047,-0.025828222783600516,-0.014442301117822465,-0.018233905924308704,-0.010517581785291054,-0.0024823950758962143,0.027874245438181143,0.00025934829262143203,0.0002101247252562731,-0.010912488486267288,0.010473670150324528,-0.003362183728536619,-0.002068768193017647,-0.026100891916363042,-0.014889313747454875,-0.050145270023282444,-0.02478433786604609,-0.025594422174460892,-0.015622345177266732,0.037861570070965904,-0.07629396483373085,-0.06630366696806328,-0.07524272586520764,0.17820865566145136,0.14326818330966887,-0.02610089191635951,0.011988041612984605,0.18017156861735104,0.017511746799238503
